,User,Country,Device,Time,Percentage
0,Rohail,UAE,Apple,60,0.12125
1,Rohail,UAE,Samsung,60,0.13125
2,Rohail,UAE,Combined,60,0.228125
3,Rohail,UAE,Apple,120,0.1882480957562568
4,Rohail,UAE,Samsung,120,0.2252448313384113
5,Rohail,UAE,Combined,120,0.3471164309031556
6,Rohail,UAE,Apple,180,0.25757575757575757
7,Rohail,UAE,Samsung,180,0.29545454545454547
8,Rohail,UAE,Combined,180,0.4287878787878788
9,Rohail,UAE,Apple,240,0.27389705882352944
10,Rohail,UAE,Samsung,240,0.3400735294117647
11,Rohail,UAE,Combined,240,0.44669117647058826
12,Rohail,UAE,Apple,300,0.29653679653679654
13,Rohail,UAE,Samsung,300,0.38095238095238093
14,Rohail,UAE,Combined,300,0.48484848484848486
15,Rohail,UAE,Apple,360,0.32592592592592595
16,Rohail,UAE,Samsung,360,0.4024691358024691
17,Rohail,UAE,Combined,360,0.508641975308642
18,Rohail,UAE,Apple,420,0.3473389355742297
19,Rohail,UAE,Samsung,420,0.4257703081232493
20,Rohail,UAE,Combined,420,0.5294117647058824
21,Rohail,UAE,Apple,480,0.3595166163141994
22,Rohail,UAE,Samsung,480,0.4380664652567976
23,Rohail,UAE,Combined,480,0.5347432024169184
24,Rohail,UAE,Apple,540,0.39473684210526316
25,Rohail,UAE,Samsung,540,0.4605263157894737
26,Rohail,UAE,Combined,540,0.5756578947368421
27,Rohail,UAE,Apple,600,0.3870967741935484
28,Rohail,UAE,Samsung,600,0.4982078853046595
29,Rohail,UAE,Combined,600,0.5734767025089605
30,Rohail,UAE,Apple,660,0.42528735632183906
31,Rohail,UAE,Samsung,660,0.48659003831417624
32,Rohail,UAE,Combined,660,0.5823754789272031
33,Rohail,UAE,Apple,720,0.44081632653061226
34,Rohail,UAE,Samsung,720,0.5061224489795918
35,Rohail,UAE,Combined,720,0.5918367346938775
36,Rohail,UAE,Apple,780,0.43162393162393164
37,Rohail,UAE,Samsung,780,0.5128205128205128
38,Rohail,UAE,Combined,780,0.594017094017094
39,Rohail,UAE,Apple,840,0.42543859649122806
40,Rohail,UAE,Samsung,840,0.4956140350877193
41,Rohail,UAE,Combined,840,0.5789473684210527
42,Rohail,UAE,Apple,900,0.42790697674418604
43,Rohail,UAE,Samsung,900,0.5116279069767442
44,Rohail,UAE,Combined,900,0.5813953488372093
45,Rohail,UAE,Apple,960,0.4339622641509434
46,Rohail,UAE,Samsung,960,0.5330188679245284
47,Rohail,UAE,Combined,960,0.5990566037735849
48,Rohail,UAE,Apple,1020,0.44660194174757284
49,Rohail,UAE,Samsung,1020,0.5145631067961165
50,Rohail,UAE,Combined,1020,0.5922330097087378
51,Rohail,UAE,Apple,1080,0.4489795918367347
52,Rohail,UAE,Samsung,1080,0.5051020408163265
53,Rohail,UAE,Combined,1080,0.5714285714285714
54,Rohail,UAE,Apple,1140,0.43548387096774194
55,Rohail,UAE,Samsung,1140,0.5161290322580645
56,Rohail,UAE,Combined,1140,0.6021505376344086
57,Rohail,UAE,Apple,1200,0.4632768361581921
58,Rohail,UAE,Samsung,1200,0.5480225988700564
59,Rohail,UAE,Combined,1200,0.6214689265536724
60,Rohail,UAE,Apple,1260,0.4772727272727273
61,Rohail,UAE,Samsung,1260,0.5284090909090909
62,Rohail,UAE,Combined,1260,0.6136363636363636
63,Rohail,UAE,Apple,1320,0.47058823529411764
64,Rohail,UAE,Samsung,1320,0.5176470588235295
65,Rohail,UAE,Combined,1320,0.6058823529411764
66,Rohail,UAE,Apple,1380,0.47560975609756095
67,Rohail,UAE,Samsung,1380,0.5548780487804879
68,Rohail,UAE,Combined,1380,0.6402439024390244
69,Rohail,UAE,Apple,1440,0.4723926380368098
70,Rohail,UAE,Samsung,1440,0.558282208588957
71,Rohail,UAE,Combined,1440,0.6257668711656442
72,Rohail,UAE,Apple,1500,0.4634146341463415
73,Rohail,UAE,Samsung,1500,0.573170731707317
74,Rohail,UAE,Combined,1500,0.6341463414634146
75,Rohail,UAE,Apple,1560,0.46496815286624205
76,Rohail,UAE,Samsung,1560,0.5668789808917197
77,Rohail,UAE,Combined,1560,0.6178343949044586
78,Rohail,UAE,Apple,1620,0.47468354430379744
79,Rohail,UAE,Samsung,1620,0.5443037974683544
80,Rohail,UAE,Combined,1620,0.620253164556962
81,Rohail,UAE,Apple,1680,0.4866666666666667
82,Rohail,UAE,Samsung,1680,0.5466666666666666
83,Rohail,UAE,Combined,1680,0.6466666666666666
84,Rohail,UAE,Apple,1740,0.496551724137931
85,Rohail,UAE,Samsung,1740,0.5586206896551724
86,Rohail,UAE,Combined,1740,0.6413793103448275
87,Rohail,UAE,Apple,1800,0.5071428571428571
88,Rohail,UAE,Samsung,1800,0.5928571428571429
89,Rohail,UAE,Combined,1800,0.6785714285714286
90,Rohail,UAE,Apple,1860,0.4722222222222222
91,Rohail,UAE,Samsung,1860,0.5555555555555556
92,Rohail,UAE,Combined,1860,0.6388888888888888
93,Rohail,UAE,Apple,1920,0.5111111111111111
94,Rohail,UAE,Samsung,1920,0.5925925925925926
95,Rohail,UAE,Combined,1920,0.6592592592592592
96,Rohail,UAE,Apple,1980,0.46099290780141844
97,Rohail,UAE,Samsung,1980,0.5319148936170213
98,Rohail,UAE,Combined,1980,0.6028368794326241
99,Rohail,UAE,Apple,2040,0.45454545454545453
100,Rohail,UAE,Samsung,2040,0.5524475524475524
101,Rohail,UAE,Combined,2040,0.6153846153846154
102,Rohail,UAE,Apple,2100,0.46099290780141844
103,Rohail,UAE,Samsung,2100,0.5602836879432624
104,Rohail,UAE,Combined,2100,0.6382978723404256
105,Rohail,UAE,Apple,2160,0.5
106,Rohail,UAE,Samsung,2160,0.5757575757575758
107,Rohail,UAE,Combined,2160,0.6287878787878788
108,Rohail,UAE,Apple,2220,0.49624060150375937
109,Rohail,UAE,Samsung,2220,0.5639097744360902
110,Rohail,UAE,Combined,2220,0.631578947368421
111,Rohail,UAE,Apple,2280,0.4732824427480916
112,Rohail,UAE,Samsung,2280,0.549618320610687
113,Rohail,UAE,Combined,2280,0.6259541984732825
114,Rohail,UAE,Apple,2340,0.5203252032520326
115,Rohail,UAE,Samsung,2340,0.5609756097560976
116,Rohail,UAE,Combined,2340,0.6504065040650406
117,Rohail,UAE,Apple,2400,0.4701492537313433
118,Rohail,UAE,Samsung,2400,0.5522388059701493
119,Rohail,UAE,Combined,2400,0.6194029850746269
120,Rohail,UAE,Apple,2460,0.5078125
121,Rohail,UAE,Samsung,2460,0.5546875
122,Rohail,UAE,Combined,2460,0.625
123,Rohail,UAE,Apple,2520,0.4728682170542636
124,Rohail,UAE,Samsung,2520,0.5503875968992248
125,Rohail,UAE,Combined,2520,0.6201550387596899
126,Rohail,UAE,Apple,2580,0.4878048780487805
127,Rohail,UAE,Samsung,2580,0.5853658536585366
128,Rohail,UAE,Combined,2580,0.6585365853658537
129,Rohail,UAE,Apple,2640,0.46825396825396826
130,Rohail,UAE,Samsung,2640,0.5555555555555556
131,Rohail,UAE,Combined,2640,0.6190476190476191
132,Rohail,UAE,Apple,2700,0.48760330578512395
133,Rohail,UAE,Samsung,2700,0.5619834710743802
134,Rohail,UAE,Combined,2700,0.6363636363636364
135,Rohail,UAE,Apple,2760,0.49572649572649574
136,Rohail,UAE,Samsung,2760,0.5982905982905983
137,Rohail,UAE,Combined,2760,0.6752136752136753
138,Rohail,UAE,Apple,2820,0.4796747967479675
139,Rohail,UAE,Samsung,2820,0.5365853658536586
140,Rohail,UAE,Combined,2820,0.6016260162601627
141,Rohail,UAE,Apple,2880,0.456
142,Rohail,UAE,Samsung,2880,0.584
143,Rohail,UAE,Combined,2880,0.632
144,Rohail,UAE,Apple,2940,0.4796747967479675
145,Rohail,UAE,Samsung,2940,0.5609756097560976
146,Rohail,UAE,Combined,2940,0.6585365853658537
147,Rohail,UAE,Apple,3000,0.45614035087719296
148,Rohail,UAE,Samsung,3000,0.6052631578947368
149,Rohail,UAE,Combined,3000,0.6578947368421053
150,Rohail,UAE,Apple,3060,0.5172413793103449
151,Rohail,UAE,Samsung,3060,0.603448275862069
152,Rohail,UAE,Combined,3060,0.6896551724137931
153,Rohail,UAE,Apple,3120,0.48695652173913045
154,Rohail,UAE,Samsung,3120,0.6
155,Rohail,UAE,Combined,3120,0.6521739130434783
156,Rohail,UAE,Apple,3180,0.5
157,Rohail,UAE,Samsung,3180,0.6111111111111112
158,Rohail,UAE,Combined,3180,0.6851851851851852
159,Rohail,UAE,Apple,3240,0.4824561403508772
160,Rohail,UAE,Samsung,3240,0.5614035087719298
161,Rohail,UAE,Combined,3240,0.6228070175438597
162,Rohail,UAE,Apple,3300,0.47368421052631576
163,Rohail,UAE,Samsung,3300,0.5789473684210527
164,Rohail,UAE,Combined,3300,0.6403508771929824
165,Rohail,UAE,Apple,3360,0.5288461538461539
166,Rohail,UAE,Samsung,3360,0.625
167,Rohail,UAE,Combined,3360,0.6923076923076923
168,Rohail,UAE,Apple,3420,0.4727272727272727
169,Rohail,UAE,Samsung,3420,0.5636363636363636
170,Rohail,UAE,Combined,3420,0.6181818181818182
171,Rohail,UAE,Apple,3480,0.5242718446601942
172,Rohail,UAE,Samsung,3480,0.5922330097087378
173,Rohail,UAE,Combined,3480,0.6699029126213593
174,Rohail,UAE,Apple,3540,0.5047619047619047
175,Rohail,UAE,Samsung,3540,0.580952380952381
176,Rohail,UAE,Combined,3540,0.6666666666666666
177,Rohail,UAE,Apple,3600,0.5145631067961165
178,Rohail,UAE,Samsung,3600,0.6213592233009708
179,Rohail,UAE,Combined,3600,0.7087378640776699
180,Rohail,Pakistan,Apple,60,0.12048192771084337
181,Rohail,Pakistan,Samsung,60,0.20481927710843373
182,Rohail,Pakistan,Combined,60,0.3132530120481928
183,Rohail,Pakistan,Apple,120,0.22727272727272727
184,Rohail,Pakistan,Samsung,120,0.38636363636363635
185,Rohail,Pakistan,Combined,120,0.5227272727272727
186,Rohail,Pakistan,Apple,180,0.3333333333333333
187,Rohail,Pakistan,Samsung,180,0.4666666666666667
188,Rohail,Pakistan,Combined,180,0.6333333333333333
189,Rohail,Pakistan,Apple,240,0.375
190,Rohail,Pakistan,Samsung,240,0.5833333333333334
191,Rohail,Pakistan,Combined,240,0.6666666666666666
192,Rohail,Pakistan,Apple,300,0.47368421052631576
193,Rohail,Pakistan,Samsung,300,0.6842105263157895
194,Rohail,Pakistan,Combined,300,0.8421052631578947
195,Rohail,Pakistan,Apple,360,0.5625
196,Rohail,Pakistan,Samsung,360,0.8125
197,Rohail,Pakistan,Combined,360,0.8125
198,Rohail,Pakistan,Apple,420,0.5625
199,Rohail,Pakistan,Samsung,420,0.5625
200,Rohail,Pakistan,Combined,420,0.6875
201,Rohail,Pakistan,Apple,480,0.6153846153846154
202,Rohail,Pakistan,Samsung,480,0.6923076923076923
203,Rohail,Pakistan,Combined,480,0.6923076923076923
204,Rohail,Pakistan,Apple,540,0.5833333333333334
205,Rohail,Pakistan,Samsung,540,0.75
206,Rohail,Pakistan,Combined,540,0.75
207,Rohail,Pakistan,Apple,600,0.6363636363636364
208,Rohail,Pakistan,Samsung,600,0.8181818181818182
209,Rohail,Pakistan,Combined,600,0.8181818181818182
210,Rohail,Pakistan,Apple,660,0.5833333333333334
211,Rohail,Pakistan,Samsung,660,0.5833333333333334
212,Rohail,Pakistan,Combined,660,0.5833333333333334
213,Rohail,Pakistan,Apple,720,0.7777777777777778
214,Rohail,Pakistan,Samsung,720,0.7777777777777778
215,Rohail,Pakistan,Combined,720,0.7777777777777778
216,Rohail,Pakistan,Apple,780,0.6363636363636364
217,Rohail,Pakistan,Samsung,780,0.6363636363636364
218,Rohail,Pakistan,Combined,780,0.7272727272727273
219,Rohail,Pakistan,Apple,840,0.6
220,Rohail,Pakistan,Samsung,840,0.7
221,Rohail,Pakistan,Combined,840,0.7
222,Rohail,Pakistan,Apple,900,0.6666666666666666
223,Rohail,Pakistan,Samsung,900,0.6666666666666666
224,Rohail,Pakistan,Combined,900,0.7777777777777778
225,Rohail,Pakistan,Apple,960,0.75
226,Rohail,Pakistan,Samsung,960,0.75
227,Rohail,Pakistan,Combined,960,0.75
228,Rohail,Pakistan,Apple,1020,0.75
229,Rohail,Pakistan,Samsung,1020,0.75
230,Rohail,Pakistan,Combined,1020,0.75
231,Rohail,Pakistan,Apple,1080,0.7142857142857143
232,Rohail,Pakistan,Samsung,1080,0.7142857142857143
233,Rohail,Pakistan,Combined,1080,0.7142857142857143
234,Rohail,Pakistan,Apple,1140,0.7142857142857143
235,Rohail,Pakistan,Samsung,1140,0.7142857142857143
236,Rohail,Pakistan,Combined,1140,0.7142857142857143
237,Rohail,Pakistan,Apple,1200,0.625
238,Rohail,Pakistan,Samsung,1200,0.75
239,Rohail,Pakistan,Combined,1200,0.75
240,Rohail,Pakistan,Apple,1260,0.625
241,Rohail,Pakistan,Samsung,1260,0.625
242,Rohail,Pakistan,Combined,1260,0.75
243,Rohail,Pakistan,Apple,1320,0.5555555555555556
244,Rohail,Pakistan,Samsung,1320,0.5555555555555556
245,Rohail,Pakistan,Combined,1320,0.5555555555555556
246,Rohail,Pakistan,Apple,1380,0.7142857142857143
247,Rohail,Pakistan,Samsung,1380,0.7142857142857143
248,Rohail,Pakistan,Combined,1380,0.7142857142857143
249,Rohail,Pakistan,Apple,1440,0.6666666666666666
250,Rohail,Pakistan,Samsung,1440,0.6666666666666666
251,Rohail,Pakistan,Combined,1440,0.6666666666666666
252,Rohail,Pakistan,Apple,1500,0.5714285714285714
253,Rohail,Pakistan,Samsung,1500,0.7142857142857143
254,Rohail,Pakistan,Combined,1500,0.7142857142857143
255,Rohail,Pakistan,Apple,1560,0.5
256,Rohail,Pakistan,Samsung,1560,0.625
257,Rohail,Pakistan,Combined,1560,0.625
258,Rohail,Pakistan,Apple,1620,0.6666666666666666
259,Rohail,Pakistan,Samsung,1620,0.6666666666666666
260,Rohail,Pakistan,Combined,1620,0.6666666666666666
261,Rohail,Pakistan,Apple,1680,0.5714285714285714
262,Rohail,Pakistan,Samsung,1680,0.5714285714285714
263,Rohail,Pakistan,Combined,1680,0.5714285714285714
264,Rohail,Pakistan,Apple,1740,0.5714285714285714
265,Rohail,Pakistan,Samsung,1740,0.7142857142857143
266,Rohail,Pakistan,Combined,1740,0.7142857142857143
267,Rohail,Pakistan,Apple,1800,0.6666666666666666
268,Rohail,Pakistan,Samsung,1800,0.6666666666666666
269,Rohail,Pakistan,Combined,1800,0.6666666666666666
270,Rohail,Pakistan,Apple,1860,0.4444444444444444
271,Rohail,Pakistan,Samsung,1860,0.5555555555555556
272,Rohail,Pakistan,Combined,1860,0.5555555555555556
273,Rohail,Pakistan,Apple,1920,0.6666666666666666
274,Rohail,Pakistan,Samsung,1920,0.6666666666666666
275,Rohail,Pakistan,Combined,1920,0.6666666666666666
276,Rohail,Pakistan,Apple,1980,0.6666666666666666
277,Rohail,Pakistan,Samsung,1980,0.6666666666666666
278,Rohail,Pakistan,Combined,1980,0.6666666666666666
279,Rohail,Pakistan,Apple,2040,0.6666666666666666
280,Rohail,Pakistan,Samsung,2040,0.6666666666666666
281,Rohail,Pakistan,Combined,2040,0.6666666666666666
282,Rohail,Pakistan,Apple,2100,0.6666666666666666
283,Rohail,Pakistan,Samsung,2100,0.5
284,Rohail,Pakistan,Combined,2100,0.6666666666666666
285,Rohail,Pakistan,Apple,2160,0.6
286,Rohail,Pakistan,Samsung,2160,0.6
287,Rohail,Pakistan,Combined,2160,0.6
288,Rohail,Pakistan,Apple,2220,0.6
289,Rohail,Pakistan,Samsung,2220,0.6
290,Rohail,Pakistan,Combined,2220,0.6
291,Rohail,Pakistan,Apple,2280,0.6
292,Rohail,Pakistan,Samsung,2280,0.6
293,Rohail,Pakistan,Combined,2280,0.6
294,Rohail,Pakistan,Apple,2340,0.6666666666666666
295,Rohail,Pakistan,Samsung,2340,0.5
296,Rohail,Pakistan,Combined,2340,0.6666666666666666
297,Rohail,Pakistan,Apple,2400,0.6666666666666666
298,Rohail,Pakistan,Samsung,2400,0.6666666666666666
299,Rohail,Pakistan,Combined,2400,0.6666666666666666
300,Rohail,Pakistan,Apple,2460,0.6666666666666666
301,Rohail,Pakistan,Samsung,2460,0.6666666666666666
302,Rohail,Pakistan,Combined,2460,0.6666666666666666
303,Rohail,Pakistan,Apple,2520,0.5
304,Rohail,Pakistan,Samsung,2520,0.6666666666666666
305,Rohail,Pakistan,Combined,2520,0.6666666666666666
306,Rohail,Pakistan,Apple,2580,0.6
307,Rohail,Pakistan,Samsung,2580,0.6
308,Rohail,Pakistan,Combined,2580,0.6
309,Rohail,Pakistan,Apple,2640,0.6666666666666666
310,Rohail,Pakistan,Samsung,2640,0.6666666666666666
311,Rohail,Pakistan,Combined,2640,0.6666666666666666
312,Rohail,Pakistan,Apple,2700,0.5
313,Rohail,Pakistan,Samsung,2700,0.6666666666666666
314,Rohail,Pakistan,Combined,2700,0.6666666666666666
315,Rohail,Pakistan,Apple,2760,0.6
316,Rohail,Pakistan,Samsung,2760,0.6
317,Rohail,Pakistan,Combined,2760,0.6
318,Rohail,Pakistan,Apple,2820,0.6666666666666666
319,Rohail,Pakistan,Samsung,2820,0.6666666666666666
320,Rohail,Pakistan,Combined,2820,0.6666666666666666
321,Rohail,Pakistan,Apple,2880,0.6
322,Rohail,Pakistan,Samsung,2880,0.6
323,Rohail,Pakistan,Combined,2880,0.6
324,Rohail,Pakistan,Apple,2940,0.6
325,Rohail,Pakistan,Samsung,2940,0.6
326,Rohail,Pakistan,Combined,2940,0.6
327,Rohail,Pakistan,Apple,3000,0.5
328,Rohail,Pakistan,Samsung,3000,0.6666666666666666
329,Rohail,Pakistan,Combined,3000,0.6666666666666666
330,Rohail,Pakistan,Apple,3060,0.6
331,Rohail,Pakistan,Samsung,3060,0.6
332,Rohail,Pakistan,Combined,3060,0.6
333,Rohail,Pakistan,Apple,3120,0.42857142857142855
334,Rohail,Pakistan,Samsung,3120,0.5714285714285714
335,Rohail,Pakistan,Combined,3120,0.5714285714285714
336,Rohail,Pakistan,Apple,3180,0.6
337,Rohail,Pakistan,Samsung,3180,0.6
338,Rohail,Pakistan,Combined,3180,0.6
339,Rohail,Pakistan,Apple,3240,0.6
340,Rohail,Pakistan,Samsung,3240,0.6
341,Rohail,Pakistan,Combined,3240,0.6
342,Rohail,Pakistan,Apple,3300,0.6
343,Rohail,Pakistan,Samsung,3300,0.6
344,Rohail,Pakistan,Combined,3300,0.6
345,Rohail,Pakistan,Apple,3360,0.5
346,Rohail,Pakistan,Samsung,3360,0.5
347,Rohail,Pakistan,Combined,3360,0.5
348,Rohail,Pakistan,Apple,3420,0.6
349,Rohail,Pakistan,Samsung,3420,0.6
350,Rohail,Pakistan,Combined,3420,0.6
351,Rohail,Pakistan,Apple,3480,0.6
352,Rohail,Pakistan,Samsung,3480,0.6
353,Rohail,Pakistan,Combined,3480,0.6
354,Rohail,Pakistan,Apple,3540,0.5
355,Rohail,Pakistan,Samsung,3540,0.5
356,Rohail,Pakistan,Combined,3540,0.5
357,Rohail,Pakistan,Apple,3600,0.6
358,Rohail,Pakistan,Samsung,3600,0.6
359,Rohail,Pakistan,Combined,3600,0.6
360,Matteo,United States,Apple,60,0.11715481171548117
361,Matteo,United States,Samsung,60,0.09902370990237098
362,Matteo,United States,Combined,60,0.20502092050209206
363,Matteo,United States,Apple,120,0.19733333333333333
364,Matteo,United States,Samsung,120,0.184
365,Matteo,United States,Combined,120,0.3466666666666667
366,Matteo,United States,Apple,180,0.25757575757575757
367,Matteo,United States,Samsung,180,0.25
368,Matteo,United States,Combined,180,0.4356060606060606
369,Matteo,United States,Apple,240,0.3024390243902439
370,Matteo,United States,Samsung,240,0.3170731707317073
371,Matteo,United States,Combined,240,0.5170731707317073
372,Matteo,United States,Apple,300,0.31976744186046513
373,Matteo,United States,Samsung,300,0.3313953488372093
374,Matteo,United States,Combined,300,0.5581395348837209
375,Matteo,United States,Apple,360,0.3448275862068966
376,Matteo,United States,Samsung,360,0.38620689655172413
377,Matteo,United States,Combined,360,0.6
378,Matteo,United States,Apple,420,0.3643410852713178
379,Matteo,United States,Samsung,420,0.4186046511627907
380,Matteo,United States,Combined,420,0.6356589147286822
381,Matteo,United States,Apple,480,0.37606837606837606
382,Matteo,United States,Samsung,480,0.4358974358974359
383,Matteo,United States,Combined,480,0.6495726495726496
384,Matteo,United States,Apple,540,0.3669724770642202
385,Matteo,United States,Samsung,540,0.42201834862385323
386,Matteo,United States,Combined,540,0.6238532110091743
387,Matteo,United States,Apple,600,0.38
388,Matteo,United States,Samsung,600,0.47
389,Matteo,United States,Combined,600,0.67
390,Matteo,United States,Apple,660,0.3829787234042553
391,Matteo,United States,Samsung,660,0.48936170212765956
392,Matteo,United States,Combined,660,0.6808510638297872
393,Matteo,United States,Apple,720,0.42045454545454547
394,Matteo,United States,Samsung,720,0.48863636363636365
395,Matteo,United States,Combined,720,0.6931818181818182
396,Matteo,United States,Apple,780,0.3780487804878049
397,Matteo,United States,Samsung,780,0.5365853658536586
398,Matteo,United States,Combined,780,0.6829268292682927
399,Matteo,United States,Apple,840,0.4025974025974026
400,Matteo,United States,Samsung,840,0.5194805194805194
401,Matteo,United States,Combined,840,0.7142857142857143
402,Matteo,United States,Apple,900,0.40789473684210525
403,Matteo,United States,Samsung,900,0.4868421052631579
404,Matteo,United States,Combined,900,0.6710526315789473
405,Matteo,United States,Apple,960,0.43661971830985913
406,Matteo,United States,Samsung,960,0.5774647887323944
407,Matteo,United States,Combined,960,0.7605633802816901
408,Matteo,United States,Apple,1020,0.4
409,Matteo,United States,Samsung,1020,0.5571428571428572
410,Matteo,United States,Combined,1020,0.6857142857142857
411,Matteo,United States,Apple,1080,0.421875
412,Matteo,United States,Samsung,1080,0.546875
413,Matteo,United States,Combined,1080,0.71875
414,Matteo,United States,Apple,1140,0.4090909090909091
415,Matteo,United States,Samsung,1140,0.5606060606060606
416,Matteo,United States,Combined,1140,0.7272727272727273
417,Matteo,United States,Apple,1200,0.4307692307692308
418,Matteo,United States,Samsung,1200,0.5538461538461539
419,Matteo,United States,Combined,1200,0.7230769230769231
420,Matteo,United States,Apple,1260,0.423728813559322
421,Matteo,United States,Samsung,1260,0.6101694915254238
422,Matteo,United States,Combined,1260,0.7796610169491526
423,Matteo,United States,Apple,1320,0.43103448275862066
424,Matteo,United States,Samsung,1320,0.5517241379310345
425,Matteo,United States,Combined,1320,0.7241379310344828
426,Matteo,United States,Apple,1380,0.4262295081967213
427,Matteo,United States,Samsung,1380,0.5901639344262295
428,Matteo,United States,Combined,1380,0.7540983606557377
429,Matteo,United States,Apple,1440,0.44642857142857145
430,Matteo,United States,Samsung,1440,0.5714285714285714
431,Matteo,United States,Combined,1440,0.75
432,Matteo,United States,Apple,1500,0.45614035087719296
433,Matteo,United States,Samsung,1500,0.5614035087719298
434,Matteo,United States,Combined,1500,0.7543859649122807
435,Matteo,United States,Apple,1560,0.41818181818181815
436,Matteo,United States,Samsung,1560,0.6
437,Matteo,United States,Combined,1560,0.7454545454545455
438,Matteo,United States,Apple,1620,0.46296296296296297
439,Matteo,United States,Samsung,1620,0.5555555555555556
440,Matteo,United States,Combined,1620,0.7407407407407407
441,Matteo,United States,Apple,1680,0.4423076923076923
442,Matteo,United States,Samsung,1680,0.5769230769230769
443,Matteo,United States,Combined,1680,0.7692307692307693
444,Matteo,United States,Apple,1740,0.41509433962264153
445,Matteo,United States,Samsung,1740,0.5660377358490566
446,Matteo,United States,Combined,1740,0.7358490566037735
447,Matteo,United States,Apple,1800,0.4375
448,Matteo,United States,Samsung,1800,0.5625
449,Matteo,United States,Combined,1800,0.7708333333333334
450,Matteo,United States,Apple,1860,0.5
451,Matteo,United States,Samsung,1860,0.6086956521739131
452,Matteo,United States,Combined,1860,0.8043478260869565
453,Matteo,United States,Apple,1920,0.46808510638297873
454,Matteo,United States,Samsung,1920,0.5957446808510638
455,Matteo,United States,Combined,1920,0.7872340425531915
456,Matteo,United States,Apple,1980,0.4666666666666667
457,Matteo,United States,Samsung,1980,0.6222222222222222
458,Matteo,United States,Combined,1980,0.8222222222222222
459,Matteo,United States,Apple,2040,0.4666666666666667
460,Matteo,United States,Samsung,2040,0.6222222222222222
461,Matteo,United States,Combined,2040,0.7777777777777778
462,Matteo,United States,Apple,2100,0.4883720930232558
463,Matteo,United States,Samsung,2100,0.6511627906976745
464,Matteo,United States,Combined,2100,0.813953488372093
465,Matteo,United States,Apple,2160,0.5
466,Matteo,United States,Samsung,2160,0.5454545454545454
467,Matteo,United States,Combined,2160,0.7727272727272727
468,Matteo,United States,Apple,2220,0.5111111111111111
469,Matteo,United States,Samsung,2220,0.5777777777777777
470,Matteo,United States,Combined,2220,0.8
471,Matteo,United States,Apple,2280,0.4883720930232558
472,Matteo,United States,Samsung,2280,0.6511627906976745
473,Matteo,United States,Combined,2280,0.8372093023255814
474,Matteo,United States,Apple,2340,0.4523809523809524
475,Matteo,United States,Samsung,2340,0.5952380952380952
476,Matteo,United States,Combined,2340,0.7619047619047619
477,Matteo,United States,Apple,2400,0.4883720930232558
478,Matteo,United States,Samsung,2400,0.6046511627906976
479,Matteo,United States,Combined,2400,0.7906976744186046
480,Matteo,United States,Apple,2460,0.4146341463414634
481,Matteo,United States,Samsung,2460,0.5609756097560976
482,Matteo,United States,Combined,2460,0.7317073170731707
483,Matteo,United States,Apple,2520,0.47368421052631576
484,Matteo,United States,Samsung,2520,0.6842105263157895
485,Matteo,United States,Combined,2520,0.8421052631578947
486,Matteo,United States,Apple,2580,0.43902439024390244
487,Matteo,United States,Samsung,2580,0.6341463414634146
488,Matteo,United States,Combined,2580,0.7560975609756098
489,Matteo,United States,Apple,2640,0.4594594594594595
490,Matteo,United States,Samsung,2640,0.5945945945945946
491,Matteo,United States,Combined,2640,0.7567567567567568
492,Matteo,United States,Apple,2700,0.42105263157894735
493,Matteo,United States,Samsung,2700,0.631578947368421
494,Matteo,United States,Combined,2700,0.7631578947368421
495,Matteo,United States,Apple,2760,0.5384615384615384
496,Matteo,United States,Samsung,2760,0.6410256410256411
497,Matteo,United States,Combined,2760,0.8461538461538461
498,Matteo,United States,Apple,2820,0.5263157894736842
499,Matteo,United States,Samsung,2820,0.6052631578947368
500,Matteo,United States,Combined,2820,0.8157894736842105
501,Matteo,United States,Apple,2880,0.5
502,Matteo,United States,Samsung,2880,0.6944444444444444
503,Matteo,United States,Combined,2880,0.8611111111111112
504,Matteo,United States,Apple,2940,0.4864864864864865
505,Matteo,United States,Samsung,2940,0.6486486486486487
506,Matteo,United States,Combined,2940,0.8108108108108109
507,Matteo,United States,Apple,3000,0.45
508,Matteo,United States,Samsung,3000,0.55
509,Matteo,United States,Combined,3000,0.725
510,Matteo,United States,Apple,3060,0.5294117647058824
511,Matteo,United States,Samsung,3060,0.6470588235294118
512,Matteo,United States,Combined,3060,0.8235294117647058
513,Matteo,United States,Apple,3120,0.5714285714285714
514,Matteo,United States,Samsung,3120,0.6285714285714286
515,Matteo,United States,Combined,3120,0.8285714285714286
516,Matteo,United States,Apple,3180,0.5277777777777778
517,Matteo,United States,Samsung,3180,0.5833333333333334
518,Matteo,United States,Combined,3180,0.7777777777777778
519,Matteo,United States,Apple,3240,0.5
520,Matteo,United States,Samsung,3240,0.6111111111111112
521,Matteo,United States,Combined,3240,0.7777777777777778
522,Matteo,United States,Apple,3300,0.4444444444444444
523,Matteo,United States,Samsung,3300,0.6666666666666666
524,Matteo,United States,Combined,3300,0.7777777777777778
525,Matteo,United States,Apple,3360,0.5
526,Matteo,United States,Samsung,3360,0.6052631578947368
527,Matteo,United States,Combined,3360,0.8157894736842105
528,Matteo,United States,Apple,3420,0.5428571428571428
529,Matteo,United States,Samsung,3420,0.6857142857142857
530,Matteo,United States,Combined,3420,0.8285714285714286
531,Matteo,United States,Apple,3480,0.4594594594594595
532,Matteo,United States,Samsung,3480,0.6216216216216216
533,Matteo,United States,Combined,3480,0.7567567567567568
534,Matteo,United States,Apple,3540,0.5588235294117647
535,Matteo,United States,Samsung,3540,0.6176470588235294
536,Matteo,United States,Combined,3540,0.8235294117647058
537,Matteo,United States,Apple,3600,0.5294117647058824
538,Matteo,United States,Samsung,3600,0.6176470588235294
539,Matteo,United States,Combined,3600,0.7941176470588235
540,Matteo,Italy,Apple,60,0.0730979612133267
541,Matteo,Italy,Samsung,60,0.05967180507210343
542,Matteo,Italy,Combined,60,0.12456489308801591
543,Matteo,Italy,Apple,120,0.13803088803088803
544,Matteo,Italy,Samsung,120,0.11486486486486487
545,Matteo,Italy,Combined,120,0.2249034749034749
546,Matteo,Italy,Apple,180,0.19448373408769448
547,Matteo,Italy,Samsung,180,0.16902404526166903
548,Matteo,Italy,Combined,180,0.30975954738330974
549,Matteo,Italy,Apple,240,0.2476894639556377
550,Matteo,Italy,Samsung,240,0.22181146025878004
551,Matteo,Italy,Combined,240,0.38724584103512016
552,Matteo,Italy,Apple,300,0.28832951945080093
553,Matteo,Italy,Samsung,300,0.2517162471395881
554,Matteo,Italy,Combined,300,0.4290617848970252
555,Matteo,Italy,Apple,360,0.3378016085790885
556,Matteo,Italy,Samsung,360,0.27882037533512066
557,Matteo,Italy,Combined,360,0.47319034852546915
558,Matteo,Italy,Apple,420,0.369969040247678
559,Matteo,Italy,Samsung,420,0.29411764705882354
560,Matteo,Italy,Combined,420,0.5
561,Matteo,Italy,Apple,480,0.4003466204506066
562,Matteo,Italy,Samsung,480,0.3119584055459272
563,Matteo,Italy,Combined,480,0.5251299826689775
564,Matteo,Italy,Apple,540,0.44274809160305345
565,Matteo,Italy,Samsung,540,0.3416030534351145
566,Matteo,Italy,Combined,540,0.5648854961832062
567,Matteo,Italy,Apple,600,0.44798301486199577
568,Matteo,Italy,Samsung,600,0.34394904458598724
569,Matteo,Italy,Combined,600,0.554140127388535
570,Matteo,Italy,Apple,660,0.4659090909090909
571,Matteo,Italy,Samsung,660,0.3568181818181818
572,Matteo,Italy,Combined,660,0.5818181818181818
573,Matteo,Italy,Apple,720,0.5
574,Matteo,Italy,Samsung,720,0.37745098039215685
575,Matteo,Italy,Combined,720,0.6151960784313726
576,Matteo,Italy,Apple,780,0.515625
577,Matteo,Italy,Samsung,780,0.3854166666666667
578,Matteo,Italy,Combined,780,0.6145833333333334
579,Matteo,Italy,Apple,840,0.5490196078431373
580,Matteo,Italy,Samsung,840,0.37815126050420167
581,Matteo,Italy,Combined,840,0.6386554621848739
582,Matteo,Italy,Apple,900,0.5416666666666666
583,Matteo,Italy,Samsung,900,0.39285714285714285
584,Matteo,Italy,Combined,900,0.6369047619047619
585,Matteo,Italy,Apple,960,0.5559006211180124
586,Matteo,Italy,Samsung,960,0.39751552795031053
587,Matteo,Italy,Combined,960,0.6521739130434783
588,Matteo,Italy,Apple,1020,0.5732899022801303
589,Matteo,Italy,Samsung,1020,0.41368078175895767
590,Matteo,Italy,Combined,1020,0.6449511400651465
591,Matteo,Italy,Apple,1080,0.5748299319727891
592,Matteo,Italy,Samsung,1080,0.42857142857142855
593,Matteo,Italy,Combined,1080,0.6598639455782312
594,Matteo,Italy,Apple,1140,0.5842293906810035
595,Matteo,Italy,Samsung,1140,0.4229390681003584
596,Matteo,Italy,Combined,1140,0.6559139784946236
597,Matteo,Italy,Apple,1200,0.5799256505576208
598,Matteo,Italy,Samsung,1200,0.42379182156133827
599,Matteo,Italy,Combined,1200,0.6505576208178439
600,Matteo,Italy,Apple,1260,0.6015625
601,Matteo,Italy,Samsung,1260,0.43359375
602,Matteo,Italy,Combined,1260,0.66015625
603,Matteo,Italy,Apple,1320,0.6048387096774194
604,Matteo,Italy,Samsung,1320,0.4314516129032258
605,Matteo,Italy,Combined,1320,0.6693548387096774
606,Matteo,Italy,Apple,1380,0.5934959349593496
607,Matteo,Italy,Samsung,1380,0.4268292682926829
608,Matteo,Italy,Combined,1380,0.6747967479674797
609,Matteo,Italy,Apple,1440,0.597457627118644
610,Matteo,Italy,Samsung,1440,0.4279661016949153
611,Matteo,Italy,Combined,1440,0.6652542372881356
612,Matteo,Italy,Apple,1500,0.6441441441441441
613,Matteo,Italy,Samsung,1500,0.4594594594594595
614,Matteo,Italy,Combined,1500,0.6981981981981982
615,Matteo,Italy,Apple,1560,0.6108597285067874
616,Matteo,Italy,Samsung,1560,0.46153846153846156
617,Matteo,Italy,Combined,1560,0.6742081447963801
618,Matteo,Italy,Apple,1620,0.6157407407407407
619,Matteo,Italy,Samsung,1620,0.4444444444444444
620,Matteo,Italy,Combined,1620,0.6666666666666666
621,Matteo,Italy,Apple,1680,0.6428571428571429
622,Matteo,Italy,Samsung,1680,0.44285714285714284
623,Matteo,Italy,Combined,1680,0.6904761904761905
624,Matteo,Italy,Apple,1740,0.6116504854368932
625,Matteo,Italy,Samsung,1740,0.441747572815534
626,Matteo,Italy,Combined,1740,0.6699029126213593
627,Matteo,Italy,Apple,1800,0.6564102564102564
628,Matteo,Italy,Samsung,1800,0.48205128205128206
629,Matteo,Italy,Combined,1800,0.7128205128205128
630,Matteo,Italy,Apple,1860,0.6530612244897959
631,Matteo,Italy,Samsung,1860,0.47959183673469385
632,Matteo,Italy,Combined,1860,0.6938775510204082
633,Matteo,Italy,Apple,1920,0.6310160427807486
634,Matteo,Italy,Samsung,1920,0.45989304812834225
635,Matteo,Italy,Combined,1920,0.6844919786096256
636,Matteo,Italy,Apple,1980,0.6141304347826086
637,Matteo,Italy,Samsung,1980,0.45108695652173914
638,Matteo,Italy,Combined,1980,0.6630434782608695
639,Matteo,Italy,Apple,2040,0.6032608695652174
640,Matteo,Italy,Samsung,2040,0.44565217391304346
641,Matteo,Italy,Combined,2040,0.6467391304347826
642,Matteo,Italy,Apple,2100,0.6705202312138728
643,Matteo,Italy,Samsung,2100,0.4797687861271676
644,Matteo,Italy,Combined,2100,0.7052023121387283
645,Matteo,Italy,Apple,2160,0.6312849162011173
646,Matteo,Italy,Samsung,2160,0.46368715083798884
647,Matteo,Italy,Combined,2160,0.6759776536312849
648,Matteo,Italy,Apple,2220,0.6686046511627907
649,Matteo,Italy,Samsung,2220,0.46511627906976744
650,Matteo,Italy,Combined,2220,0.7093023255813954
651,Matteo,Italy,Apple,2280,0.6467065868263473
652,Matteo,Italy,Samsung,2280,0.47904191616766467
653,Matteo,Italy,Combined,2280,0.688622754491018
654,Matteo,Italy,Apple,2340,0.6227544910179641
655,Matteo,Italy,Samsung,2340,0.4550898203592814
656,Matteo,Italy,Combined,2340,0.6646706586826348
657,Matteo,Italy,Apple,2400,0.6540880503144654
658,Matteo,Italy,Samsung,2400,0.4591194968553459
659,Matteo,Italy,Combined,2400,0.6855345911949685
660,Matteo,Italy,Apple,2460,0.6708860759493671
661,Matteo,Italy,Samsung,2460,0.47468354430379744
662,Matteo,Italy,Combined,2460,0.7088607594936709
663,Matteo,Italy,Apple,2520,0.6754966887417219
664,Matteo,Italy,Samsung,2520,0.4900662251655629
665,Matteo,Italy,Combined,2520,0.7086092715231788
666,Matteo,Italy,Apple,2580,0.6776315789473685
667,Matteo,Italy,Samsung,2580,0.48026315789473684
668,Matteo,Italy,Combined,2580,0.7039473684210527
669,Matteo,Italy,Apple,2640,0.6470588235294118
670,Matteo,Italy,Samsung,2640,0.46405228758169936
671,Matteo,Italy,Combined,2640,0.6797385620915033
672,Matteo,Italy,Apple,2700,0.6462585034013606
673,Matteo,Italy,Samsung,2700,0.4965986394557823
674,Matteo,Italy,Combined,2700,0.7006802721088435
675,Matteo,Italy,Apple,2760,0.6405228758169934
676,Matteo,Italy,Samsung,2760,0.47058823529411764
677,Matteo,Italy,Combined,2760,0.7058823529411765
678,Matteo,Italy,Apple,2820,0.6551724137931034
679,Matteo,Italy,Samsung,2820,0.4827586206896552
680,Matteo,Italy,Combined,2820,0.6896551724137931
681,Matteo,Italy,Apple,2880,0.6506849315068494
682,Matteo,Italy,Samsung,2880,0.4794520547945205
683,Matteo,Italy,Combined,2880,0.6986301369863014
684,Matteo,Italy,Apple,2940,0.6737588652482269
685,Matteo,Italy,Samsung,2940,0.48936170212765956
686,Matteo,Italy,Combined,2940,0.7092198581560284
687,Matteo,Italy,Apple,3000,0.6956521739130435
688,Matteo,Italy,Samsung,3000,0.5144927536231884
689,Matteo,Italy,Combined,3000,0.7391304347826086
690,Matteo,Italy,Apple,3060,0.6739130434782609
691,Matteo,Italy,Samsung,3060,0.4855072463768116
692,Matteo,Italy,Combined,3060,0.717391304347826
693,Matteo,Italy,Apple,3120,0.6330935251798561
694,Matteo,Italy,Samsung,3120,0.48201438848920863
695,Matteo,Italy,Combined,3120,0.6762589928057554
696,Matteo,Italy,Apple,3180,0.6642335766423357
697,Matteo,Italy,Samsung,3180,0.5036496350364964
698,Matteo,Italy,Combined,3180,0.708029197080292
699,Matteo,Italy,Apple,3240,0.6641221374045801
700,Matteo,Italy,Samsung,3240,0.48854961832061067
701,Matteo,Italy,Combined,3240,0.6946564885496184
702,Matteo,Italy,Apple,3300,0.6616541353383458
703,Matteo,Italy,Samsung,3300,0.5037593984962406
704,Matteo,Italy,Combined,3300,0.6992481203007519
705,Matteo,Italy,Apple,3360,0.6946564885496184
706,Matteo,Italy,Samsung,3360,0.46564885496183206
707,Matteo,Italy,Combined,3360,0.7099236641221374
708,Matteo,Italy,Apple,3420,0.6666666666666666
709,Matteo,Italy,Samsung,3420,0.48412698412698413
710,Matteo,Italy,Combined,3420,0.7063492063492064
711,Matteo,Italy,Apple,3480,0.6774193548387096
712,Matteo,Italy,Samsung,3480,0.49193548387096775
713,Matteo,Italy,Combined,3480,0.717741935483871
714,Matteo,Italy,Apple,3540,0.6859504132231405
715,Matteo,Italy,Samsung,3540,0.512396694214876
716,Matteo,Italy,Combined,3540,0.71900826446281
717,Matteo,Italy,Apple,3600,0.6774193548387096
718,Matteo,Italy,Samsung,3600,0.5080645161290323
719,Matteo,Italy,Combined,3600,0.717741935483871
720,Yasir,UAE,Apple,60,0.12129681386249301
721,Yasir,UAE,Samsung,60,0.02592230296254891
722,Yasir,UAE,Combined,60,0.14512297372833985
723,Yasir,UAE,Apple,120,0.23845428840716307
724,Yasir,UAE,Samsung,120,0.050760737848391004
725,Yasir,UAE,Combined,120,0.27925138009963646
726,Yasir,UAE,Apple,180,0.3455651491365777
727,Yasir,UAE,Samsung,180,0.07554945054945054
728,Yasir,UAE,Combined,180,0.3967817896389325
729,Yasir,UAE,Apple,240,0.44645588985211626
730,Yasir,UAE,Samsung,240,0.098419173890872
731,Yasir,UAE,Combined,240,0.5040795512493625
732,Yasir,UAE,Apple,300,0.5214552238805971
733,Yasir,UAE,Samsung,300,0.11940298507462686
734,Yasir,UAE,Combined,300,0.5786691542288557
735,Yasir,UAE,Apple,360,0.5769372016158648
736,Yasir,UAE,Samsung,360,0.1340433345574734
737,Yasir,UAE,Combined,360,0.6375321336760925
738,Yasir,UAE,Apple,420,0.6262668918918919
739,Yasir,UAE,Samsung,420,0.15244932432432431
740,Yasir,UAE,Combined,420,0.684543918918919
741,Yasir,UAE,Apple,480,0.6666666666666666
742,Yasir,UAE,Samsung,480,0.16856600189933524
743,Yasir,UAE,Combined,480,0.7255460588793922
744,Yasir,UAE,Apple,540,0.7050131926121372
745,Yasir,UAE,Samsung,540,0.17994722955145118
746,Yasir,UAE,Combined,540,0.7588390501319261
747,Yasir,UAE,Apple,600,0.7429394812680116
748,Yasir,UAE,Samsung,600,0.1936599423631124
749,Yasir,UAE,Combined,600,0.7896253602305475
750,Yasir,UAE,Apple,660,0.7583807716635041
751,Yasir,UAE,Samsung,660,0.20936116382036685
752,Yasir,UAE,Combined,660,0.8064516129032258
753,Yasir,UAE,Apple,720,0.7543978349120433
754,Yasir,UAE,Samsung,720,0.22124492557510148
755,Yasir,UAE,Combined,720,0.8017591339648173
756,Yasir,UAE,Apple,780,0.7761521580102414
757,Yasir,UAE,Samsung,780,0.24140453547915142
758,Yasir,UAE,Combined,780,0.8244330651060717
759,Yasir,UAE,Apple,840,0.7780392156862745
760,Yasir,UAE,Samsung,840,0.24627450980392157
761,Yasir,UAE,Combined,840,0.8243137254901961
762,Yasir,UAE,Apple,900,0.7789646672144618
763,Yasir,UAE,Samsung,900,0.26047658175842237
764,Yasir,UAE,Combined,900,0.8274445357436319
765,Yasir,UAE,Apple,960,0.778652668416448
766,Yasir,UAE,Samsung,960,0.27034120734908135
767,Yasir,UAE,Combined,960,0.8285214348206474
768,Yasir,UAE,Apple,1020,0.8020257826887661
769,Yasir,UAE,Samsung,1020,0.283609576427256
770,Yasir,UAE,Combined,1020,0.8443830570902394
771,Yasir,UAE,Apple,1080,0.7903381642512077
772,Yasir,UAE,Samsung,1080,0.2946859903381642
773,Yasir,UAE,Combined,1080,0.8376811594202899
774,Yasir,UAE,Apple,1140,0.7951070336391437
775,Yasir,UAE,Samsung,1140,0.30173292558613657
776,Yasir,UAE,Combined,1140,0.8481141692150866
777,Yasir,UAE,Apple,1200,0.8002125398512221
778,Yasir,UAE,Samsung,1200,0.3018065887353879
779,Yasir,UAE,Combined,1200,0.8469713071200851
780,Yasir,UAE,Apple,1260,0.7993348115299335
781,Yasir,UAE,Samsung,1260,0.3237250554323725
782,Yasir,UAE,Combined,1260,0.8503325942350333
783,Yasir,UAE,Apple,1320,0.8041958041958042
784,Yasir,UAE,Samsung,1320,0.3298368298368298
785,Yasir,UAE,Combined,1320,0.8531468531468531
786,Yasir,UAE,Apple,1380,0.7968936678614098
787,Yasir,UAE,Samsung,1380,0.32974910394265233
788,Yasir,UAE,Combined,1380,0.8470728793309439
789,Yasir,UAE,Apple,1440,0.8027127003699137
790,Yasir,UAE,Samsung,1440,0.34155363748458695
791,Yasir,UAE,Combined,1440,0.8532675709001233
792,Yasir,UAE,Apple,1500,0.80970625798212
793,Yasir,UAE,Samsung,1500,0.34610472541507026
794,Yasir,UAE,Combined,1500,0.859514687100894
795,Yasir,UAE,Apple,1560,0.8071808510638298
796,Yasir,UAE,Samsung,1560,0.3470744680851064
797,Yasir,UAE,Combined,1560,0.8563829787234043
798,Yasir,UAE,Apple,1620,0.8193103448275862
799,Yasir,UAE,Samsung,1620,0.35586206896551725
800,Yasir,UAE,Combined,1620,0.8648275862068966
801,Yasir,UAE,Apple,1680,0.8168812589413448
802,Yasir,UAE,Samsung,1680,0.35765379113018597
803,Yasir,UAE,Combined,1680,0.8626609442060086
804,Yasir,UAE,Apple,1740,0.8026315789473685
805,Yasir,UAE,Samsung,1740,0.3567251461988304
806,Yasir,UAE,Combined,1740,0.8494152046783626
807,Yasir,UAE,Apple,1800,0.8059259259259259
808,Yasir,UAE,Samsung,1800,0.36
809,Yasir,UAE,Combined,1800,0.8548148148148148
810,Yasir,UAE,Apple,1860,0.8070987654320988
811,Yasir,UAE,Samsung,1860,0.3626543209876543
812,Yasir,UAE,Combined,1860,0.8518518518518519
813,Yasir,UAE,Apple,1920,0.8091482649842271
814,Yasir,UAE,Samsung,1920,0.361198738170347
815,Yasir,UAE,Combined,1920,0.8548895899053628
816,Yasir,UAE,Apple,1980,0.8138385502471169
817,Yasir,UAE,Samsung,1980,0.3673805601317957
818,Yasir,UAE,Combined,1980,0.8632619439868204
819,Yasir,UAE,Apple,2040,0.8224455611390284
820,Yasir,UAE,Samsung,2040,0.37353433835845895
821,Yasir,UAE,Combined,2040,0.8609715242881072
822,Yasir,UAE,Apple,2100,0.8057921635434412
823,Yasir,UAE,Samsung,2100,0.3679727427597956
824,Yasir,UAE,Combined,2100,0.8466780238500852
825,Yasir,UAE,Apple,2160,0.8197879858657244
826,Yasir,UAE,Samsung,2160,0.38515901060070673
827,Yasir,UAE,Combined,2160,0.8639575971731449
828,Yasir,UAE,Apple,2220,0.8183453237410072
829,Yasir,UAE,Samsung,2220,0.37949640287769787
830,Yasir,UAE,Combined,2220,0.8669064748201439
831,Yasir,UAE,Apple,2280,0.8289473684210527
832,Yasir,UAE,Samsung,2280,0.39849624060150374
833,Yasir,UAE,Combined,2280,0.8778195488721805
834,Yasir,UAE,Apple,2340,0.8285714285714286
835,Yasir,UAE,Samsung,2340,0.3980952380952381
836,Yasir,UAE,Combined,2340,0.8761904761904762
837,Yasir,UAE,Apple,2400,0.8223938223938224
838,Yasir,UAE,Samsung,2400,0.39768339768339767
839,Yasir,UAE,Combined,2400,0.8783783783783784
840,Yasir,UAE,Apple,2460,0.8192534381139489
841,Yasir,UAE,Samsung,2460,0.4066797642436149
842,Yasir,UAE,Combined,2460,0.8762278978388998
843,Yasir,UAE,Apple,2520,0.7996031746031746
844,Yasir,UAE,Samsung,2520,0.4007936507936508
845,Yasir,UAE,Combined,2520,0.8611111111111112
846,Yasir,UAE,Apple,2580,0.8122448979591836
847,Yasir,UAE,Samsung,2580,0.39591836734693875
848,Yasir,UAE,Combined,2580,0.8612244897959184
849,Yasir,UAE,Apple,2640,0.828752642706131
850,Yasir,UAE,Samsung,2640,0.40380549682875266
851,Yasir,UAE,Combined,2640,0.8731501057082452
852,Yasir,UAE,Apple,2700,0.8
853,Yasir,UAE,Samsung,2700,0.41041666666666665
854,Yasir,UAE,Combined,2700,0.8520833333333333
855,Yasir,UAE,Apple,2760,0.8012820512820513
856,Yasir,UAE,Samsung,2760,0.39316239316239315
857,Yasir,UAE,Combined,2760,0.8504273504273504
858,Yasir,UAE,Apple,2820,0.8114035087719298
859,Yasir,UAE,Samsung,2820,0.4057017543859649
860,Yasir,UAE,Combined,2820,0.8640350877192983
861,Yasir,UAE,Apple,2880,0.8141592920353983
862,Yasir,UAE,Samsung,2880,0.41814159292035397
863,Yasir,UAE,Combined,2880,0.8606194690265486
864,Yasir,UAE,Apple,2940,0.8081264108352144
865,Yasir,UAE,Samsung,2940,0.43115124153498874
866,Yasir,UAE,Combined,2940,0.8668171557562077
867,Yasir,UAE,Apple,3000,0.825287356321839
868,Yasir,UAE,Samsung,3000,0.4436781609195402
869,Yasir,UAE,Combined,3000,0.8781609195402299
870,Yasir,UAE,Apple,3060,0.8215962441314554
871,Yasir,UAE,Samsung,3060,0.4295774647887324
872,Yasir,UAE,Combined,3060,0.8708920187793427
873,Yasir,UAE,Apple,3120,0.8325358851674641
874,Yasir,UAE,Samsung,3120,0.430622009569378
875,Yasir,UAE,Combined,3120,0.8732057416267942
876,Yasir,UAE,Apple,3180,0.8086124401913876
877,Yasir,UAE,Samsung,3180,0.423444976076555
878,Yasir,UAE,Combined,3180,0.861244019138756
879,Yasir,UAE,Apple,3240,0.8126520681265207
880,Yasir,UAE,Samsung,3240,0.4306569343065693
881,Yasir,UAE,Combined,3240,0.8637469586374696
882,Yasir,UAE,Apple,3300,0.8241206030150754
883,Yasir,UAE,Samsung,3300,0.4321608040201005
884,Yasir,UAE,Combined,3300,0.8768844221105527
885,Yasir,UAE,Apple,3360,0.8439897698209718
886,Yasir,UAE,Samsung,3360,0.45012787723785164
887,Yasir,UAE,Combined,3360,0.8925831202046036
888,Yasir,UAE,Apple,3420,0.8202531645569621
889,Yasir,UAE,Samsung,3420,0.44050632911392407
890,Yasir,UAE,Combined,3420,0.8683544303797468
891,Yasir,UAE,Apple,3480,0.8241469816272966
892,Yasir,UAE,Samsung,3480,0.4540682414698163
893,Yasir,UAE,Combined,3480,0.863517060367454
894,Yasir,UAE,Apple,3540,0.8067885117493473
895,Yasir,UAE,Samsung,3540,0.4412532637075718
896,Yasir,UAE,Combined,3540,0.8590078328981723
897,Yasir,UAE,Apple,3600,0.8005181347150259
898,Yasir,UAE,Samsung,3600,0.4430051813471503
899,Yasir,UAE,Combined,3600,0.8497409326424871
900,Yasir,Italy,Apple,60,0.11394211169995923
901,Yasir,Italy,Samsung,60,0.13004484304932734
902,Yasir,Italy,Combined,60,0.2282918874847126
903,Yasir,Italy,Apple,120,0.22283464566929134
904,Yasir,Italy,Samsung,120,0.2531496062992126
905,Yasir,Italy,Combined,120,0.41614173228346457
906,Yasir,Italy,Apple,180,0.32494279176201374
907,Yasir,Italy,Samsung,180,0.37013729977116705
908,Yasir,Italy,Combined,180,0.5635011441647597
909,Yasir,Italy,Apple,240,0.42117117117117114
910,Yasir,Italy,Samsung,240,0.487987987987988
911,Yasir,Italy,Combined,240,0.6764264264264265
912,Yasir,Italy,Apple,300,0.4839302112029385
913,Yasir,Italy,Samsung,300,0.5500459136822773
914,Yasir,Italy,Combined,300,0.7419651056014692
915,Yasir,Italy,Apple,360,0.5572354211663066
916,Yasir,Italy,Samsung,360,0.5777537796976242
917,Yasir,Italy,Combined,360,0.7796976241900648
918,Yasir,Italy,Apple,420,0.5994993742177722
919,Yasir,Italy,Samsung,420,0.6157697121401752
920,Yasir,Italy,Combined,420,0.8010012515644556
921,Yasir,Italy,Apple,480,0.6483050847457628
922,Yasir,Italy,Samsung,480,0.6652542372881356
923,Yasir,Italy,Combined,480,0.8432203389830508
924,Yasir,Italy,Apple,540,0.6765625
925,Yasir,Italy,Samsung,540,0.6796875
926,Yasir,Italy,Combined,540,0.8515625
927,Yasir,Italy,Apple,600,0.7022375215146299
928,Yasir,Italy,Samsung,600,0.7142857142857143
929,Yasir,Italy,Combined,600,0.8657487091222031
930,Yasir,Italy,Apple,660,0.7124060150375939
931,Yasir,Italy,Samsung,660,0.7124060150375939
932,Yasir,Italy,Combined,660,0.8703007518796992
933,Yasir,Italy,Apple,720,0.7206477732793523
934,Yasir,Italy,Samsung,720,0.7327935222672065
935,Yasir,Italy,Combined,720,0.8805668016194332
936,Yasir,Italy,Apple,780,0.7361702127659574
937,Yasir,Italy,Samsung,780,0.7404255319148936
938,Yasir,Italy,Combined,780,0.8851063829787233
939,Yasir,Italy,Apple,840,0.7412587412587412
940,Yasir,Italy,Samsung,840,0.7715617715617715
941,Yasir,Italy,Combined,840,0.8857808857808858
942,Yasir,Italy,Apple,900,0.7573529411764706
943,Yasir,Italy,Samsung,900,0.7549019607843137
944,Yasir,Italy,Combined,900,0.8725490196078431
945,Yasir,Italy,Apple,960,0.7676240208877284
946,Yasir,Italy,Samsung,960,0.7702349869451697
947,Yasir,Italy,Combined,960,0.8851174934725848
948,Yasir,Italy,Apple,1020,0.7452574525745257
949,Yasir,Italy,Samsung,1020,0.7804878048780488
950,Yasir,Italy,Combined,1020,0.8834688346883469
951,Yasir,Italy,Apple,1080,0.7614942528735632
952,Yasir,Italy,Samsung,1080,0.7873563218390804
953,Yasir,Italy,Combined,1080,0.9022988505747126
954,Yasir,Italy,Apple,1140,0.7678571428571429
955,Yasir,Italy,Samsung,1140,0.7797619047619048
956,Yasir,Italy,Combined,1140,0.8869047619047619
957,Yasir,Italy,Apple,1200,0.780564263322884
958,Yasir,Italy,Samsung,1200,0.7931034482758621
959,Yasir,Italy,Combined,1200,0.896551724137931
960,Yasir,Italy,Apple,1260,0.780327868852459
961,Yasir,Italy,Samsung,1260,0.8032786885245902
962,Yasir,Italy,Combined,1260,0.8918032786885246
963,Yasir,Italy,Apple,1320,0.7849829351535836
964,Yasir,Italy,Samsung,1320,0.8122866894197952
965,Yasir,Italy,Combined,1320,0.8976109215017065
966,Yasir,Italy,Apple,1380,0.7632508833922261
967,Yasir,Italy,Samsung,1380,0.8021201413427562
968,Yasir,Italy,Combined,1380,0.8904593639575972
969,Yasir,Italy,Apple,1440,0.7737226277372263
970,Yasir,Italy,Samsung,1440,0.7956204379562044
971,Yasir,Italy,Combined,1440,0.8905109489051095
972,Yasir,Italy,Apple,1500,0.7977099236641222
973,Yasir,Italy,Samsung,1500,0.8206106870229007
974,Yasir,Italy,Combined,1500,0.9007633587786259
975,Yasir,Italy,Apple,1560,0.7992277992277992
976,Yasir,Italy,Samsung,1560,0.8185328185328186
977,Yasir,Italy,Combined,1560,0.9073359073359073
978,Yasir,Italy,Apple,1620,0.7894736842105263
979,Yasir,Italy,Samsung,1620,0.8299595141700404
980,Yasir,Italy,Combined,1620,0.9068825910931174
981,Yasir,Italy,Apple,1680,0.7777777777777778
982,Yasir,Italy,Samsung,1680,0.8271604938271605
983,Yasir,Italy,Combined,1680,0.8888888888888888
984,Yasir,Italy,Apple,1740,0.7702127659574468
985,Yasir,Italy,Samsung,1740,0.8297872340425532
986,Yasir,Italy,Combined,1740,0.8978723404255319
987,Yasir,Italy,Apple,1800,0.7869565217391304
988,Yasir,Italy,Samsung,1800,0.8173913043478261
989,Yasir,Italy,Combined,1800,0.8913043478260869
990,Yasir,Italy,Apple,1860,0.7782805429864253
991,Yasir,Italy,Samsung,1860,0.8235294117647058
992,Yasir,Italy,Combined,1860,0.8959276018099548
993,Yasir,Italy,Apple,1920,0.7945205479452054
994,Yasir,Italy,Samsung,1920,0.817351598173516
995,Yasir,Italy,Combined,1920,0.8995433789954338
996,Yasir,Italy,Apple,1980,0.7897196261682243
997,Yasir,Italy,Samsung,1980,0.8364485981308412
998,Yasir,Italy,Combined,1980,0.9112149532710281
999,Yasir,Italy,Apple,2040,0.7464788732394366
1000,Yasir,Italy,Samsung,2040,0.8075117370892019
1001,Yasir,Italy,Combined,2040,0.8732394366197183
1002,Yasir,Italy,Apple,2100,0.8078817733990148
1003,Yasir,Italy,Samsung,2100,0.8177339901477833
1004,Yasir,Italy,Combined,2100,0.9064039408866995
1005,Yasir,Italy,Apple,2160,0.8
1006,Yasir,Italy,Samsung,2160,0.841025641025641
1007,Yasir,Italy,Combined,2160,0.9076923076923077
1008,Yasir,Italy,Apple,2220,0.7772020725388601
1009,Yasir,Italy,Samsung,2220,0.8549222797927462
1010,Yasir,Italy,Combined,2220,0.8963730569948186
1011,Yasir,Italy,Apple,2280,0.7927461139896373
1012,Yasir,Italy,Samsung,2280,0.8134715025906736
1013,Yasir,Italy,Combined,2280,0.8963730569948186
1014,Yasir,Italy,Apple,2340,0.7894736842105263
1015,Yasir,Italy,Samsung,2340,0.8526315789473684
1016,Yasir,Italy,Combined,2340,0.9052631578947369
1017,Yasir,Italy,Apple,2400,0.7978142076502732
1018,Yasir,Italy,Samsung,2400,0.819672131147541
1019,Yasir,Italy,Combined,2400,0.8852459016393442
1020,Yasir,Italy,Apple,2460,0.8171428571428572
1021,Yasir,Italy,Samsung,2460,0.8685714285714285
1022,Yasir,Italy,Combined,2460,0.9142857142857143
1023,Yasir,Italy,Apple,2520,0.8033707865168539
1024,Yasir,Italy,Samsung,2520,0.8651685393258427
1025,Yasir,Italy,Combined,2520,0.9269662921348315
1026,Yasir,Italy,Apple,2580,0.7727272727272727
1027,Yasir,Italy,Samsung,2580,0.8352272727272727
1028,Yasir,Italy,Combined,2580,0.8977272727272727
1029,Yasir,Italy,Apple,2640,0.8011363636363636
1030,Yasir,Italy,Samsung,2640,0.8579545454545454
1031,Yasir,Italy,Combined,2640,0.9090909090909091
1032,Yasir,Italy,Apple,2700,0.813953488372093
1033,Yasir,Italy,Samsung,2700,0.8313953488372093
1034,Yasir,Italy,Combined,2700,0.9127906976744186
1035,Yasir,Italy,Apple,2760,0.7784431137724551
1036,Yasir,Italy,Samsung,2760,0.8263473053892215
1037,Yasir,Italy,Combined,2760,0.8982035928143712
1038,Yasir,Italy,Apple,2820,0.808641975308642
1039,Yasir,Italy,Samsung,2820,0.8518518518518519
1040,Yasir,Italy,Combined,2820,0.9074074074074074
1041,Yasir,Italy,Apple,2880,0.7987421383647799
1042,Yasir,Italy,Samsung,2880,0.8490566037735849
1043,Yasir,Italy,Combined,2880,0.8930817610062893
1044,Yasir,Italy,Apple,2940,0.8064516129032258
1045,Yasir,Italy,Samsung,2940,0.8516129032258064
1046,Yasir,Italy,Combined,2940,0.9032258064516129
1047,Yasir,Italy,Apple,3000,0.7933333333333333
1048,Yasir,Italy,Samsung,3000,0.84
1049,Yasir,Italy,Combined,3000,0.8866666666666667
1050,Yasir,Italy,Apple,3060,0.7548387096774194
1051,Yasir,Italy,Samsung,3060,0.8580645161290322
1052,Yasir,Italy,Combined,3060,0.8903225806451613
1053,Yasir,Italy,Apple,3120,0.8026315789473685
1054,Yasir,Italy,Samsung,3120,0.875
1055,Yasir,Italy,Combined,3120,0.9276315789473685
1056,Yasir,Italy,Apple,3180,0.8079470198675497
1057,Yasir,Italy,Samsung,3180,0.847682119205298
1058,Yasir,Italy,Combined,3180,0.9072847682119205
1059,Yasir,Italy,Apple,3240,0.8
1060,Yasir,Italy,Samsung,3240,0.8551724137931035
1061,Yasir,Italy,Combined,3240,0.9103448275862069
1062,Yasir,Italy,Apple,3300,0.7972027972027972
1063,Yasir,Italy,Samsung,3300,0.8391608391608392
1064,Yasir,Italy,Combined,3300,0.8881118881118881
1065,Yasir,Italy,Apple,3360,0.8085106382978723
1066,Yasir,Italy,Samsung,3360,0.8652482269503546
1067,Yasir,Italy,Combined,3360,0.900709219858156
1068,Yasir,Italy,Apple,3420,0.7902097902097902
1069,Yasir,Italy,Samsung,3420,0.8461538461538461
1070,Yasir,Italy,Combined,3420,0.8951048951048951
1071,Yasir,Italy,Apple,3480,0.7769784172661871
1072,Yasir,Italy,Samsung,3480,0.8633093525179856
1073,Yasir,Italy,Combined,3480,0.8920863309352518
1074,Yasir,Italy,Apple,3540,0.7676056338028169
1075,Yasir,Italy,Samsung,3540,0.8450704225352113
1076,Yasir,Italy,Combined,3540,0.8943661971830986
1077,Yasir,Italy,Apple,3600,0.8244274809160306
1078,Yasir,Italy,Samsung,3600,0.8625954198473282
1079,Yasir,Italy,Combined,3600,0.9083969465648855
1080,Yasir,Switzerland,Apple,60,0.1286549707602339
1081,Yasir,Switzerland,Samsung,60,0.1476608187134503
1082,Yasir,Switzerland,Combined,60,0.25877192982456143
1083,Yasir,Switzerland,Apple,120,0.25280898876404495
1084,Yasir,Switzerland,Samsung,120,0.2893258426966292
1085,Yasir,Switzerland,Combined,120,0.46348314606741575
1086,Yasir,Switzerland,Apple,180,0.3603238866396761
1087,Yasir,Switzerland,Samsung,180,0.4291497975708502
1088,Yasir,Switzerland,Combined,180,0.6032388663967612
1089,Yasir,Switzerland,Apple,240,0.45263157894736844
1090,Yasir,Switzerland,Samsung,240,0.5526315789473685
1091,Yasir,Switzerland,Combined,240,0.7526315789473684
1092,Yasir,Switzerland,Apple,300,0.5384615384615384
1093,Yasir,Switzerland,Samsung,300,0.5705128205128205
1094,Yasir,Switzerland,Combined,300,0.7884615384615384
1095,Yasir,Switzerland,Apple,360,0.6259541984732825
1096,Yasir,Switzerland,Samsung,360,0.6335877862595419
1097,Yasir,Switzerland,Combined,360,0.8396946564885496
1098,Yasir,Switzerland,Apple,420,0.646551724137931
1099,Yasir,Switzerland,Samsung,420,0.6724137931034483
1100,Yasir,Switzerland,Combined,420,0.8706896551724138
1101,Yasir,Switzerland,Apple,480,0.7425742574257426
1102,Yasir,Switzerland,Samsung,480,0.7425742574257426
1103,Yasir,Switzerland,Combined,480,0.9405940594059405
1104,Yasir,Switzerland,Apple,540,0.8021978021978022
1105,Yasir,Switzerland,Samsung,540,0.7472527472527473
1106,Yasir,Switzerland,Combined,540,0.945054945054945
1107,Yasir,Switzerland,Apple,600,0.8235294117647058
1108,Yasir,Switzerland,Samsung,600,0.7176470588235294
1109,Yasir,Switzerland,Combined,600,0.9176470588235294
1110,Yasir,Switzerland,Apple,660,0.8157894736842105
1111,Yasir,Switzerland,Samsung,660,0.7236842105263158
1112,Yasir,Switzerland,Combined,660,0.9210526315789473
1113,Yasir,Switzerland,Apple,720,0.8840579710144928
1114,Yasir,Switzerland,Samsung,720,0.8115942028985508
1115,Yasir,Switzerland,Combined,720,0.9855072463768116
1116,Yasir,Switzerland,Apple,780,0.8923076923076924
1117,Yasir,Switzerland,Samsung,780,0.8
1118,Yasir,Switzerland,Combined,780,0.9538461538461539
1119,Yasir,Switzerland,Apple,840,0.8833333333333333
1120,Yasir,Switzerland,Samsung,840,0.8166666666666667
1121,Yasir,Switzerland,Combined,840,0.9666666666666667
1122,Yasir,Switzerland,Apple,900,0.8833333333333333
1123,Yasir,Switzerland,Samsung,900,0.8333333333333334
1124,Yasir,Switzerland,Combined,900,0.95
1125,Yasir,Switzerland,Apple,960,0.8727272727272727
1126,Yasir,Switzerland,Samsung,960,0.8363636363636363
1127,Yasir,Switzerland,Combined,960,0.9818181818181818
1128,Yasir,Switzerland,Apple,1020,0.8490566037735849
1129,Yasir,Switzerland,Samsung,1020,0.8679245283018868
1130,Yasir,Switzerland,Combined,1020,0.9622641509433962
1131,Yasir,Switzerland,Apple,1080,0.84
1132,Yasir,Switzerland,Samsung,1080,0.82
1133,Yasir,Switzerland,Combined,1080,0.94
1134,Yasir,Switzerland,Apple,1140,0.875
1135,Yasir,Switzerland,Samsung,1140,0.875
1136,Yasir,Switzerland,Combined,1140,0.9791666666666666
1137,Yasir,Switzerland,Apple,1200,0.8723404255319149
1138,Yasir,Switzerland,Samsung,1200,0.851063829787234
1139,Yasir,Switzerland,Combined,1200,0.9574468085106383
1140,Yasir,Switzerland,Apple,1260,0.8444444444444444
1141,Yasir,Switzerland,Samsung,1260,0.8666666666666667
1142,Yasir,Switzerland,Combined,1260,0.9777777777777777
1143,Yasir,Switzerland,Apple,1320,0.8604651162790697
1144,Yasir,Switzerland,Samsung,1320,0.8372093023255814
1145,Yasir,Switzerland,Combined,1320,0.9767441860465116
1146,Yasir,Switzerland,Apple,1380,0.8809523809523809
1147,Yasir,Switzerland,Samsung,1380,0.8809523809523809
1148,Yasir,Switzerland,Combined,1380,0.9523809523809523
1149,Yasir,Switzerland,Apple,1440,0.8947368421052632
1150,Yasir,Switzerland,Samsung,1440,0.9210526315789473
1151,Yasir,Switzerland,Combined,1440,1.0
1152,Yasir,Switzerland,Apple,1500,0.8947368421052632
1153,Yasir,Switzerland,Samsung,1500,0.8947368421052632
1154,Yasir,Switzerland,Combined,1500,0.9736842105263158
1155,Yasir,Switzerland,Apple,1560,0.8918918918918919
1156,Yasir,Switzerland,Samsung,1560,0.8918918918918919
1157,Yasir,Switzerland,Combined,1560,0.972972972972973
1158,Yasir,Switzerland,Apple,1620,0.8787878787878788
1159,Yasir,Switzerland,Samsung,1620,0.9393939393939394
1160,Yasir,Switzerland,Combined,1620,1.0
1161,Yasir,Switzerland,Apple,1680,0.8823529411764706
1162,Yasir,Switzerland,Samsung,1680,0.9411764705882353
1163,Yasir,Switzerland,Combined,1680,1.0
1164,Yasir,Switzerland,Apple,1740,0.9354838709677419
1165,Yasir,Switzerland,Samsung,1740,0.967741935483871
1166,Yasir,Switzerland,Combined,1740,1.0
1167,Yasir,Switzerland,Apple,1800,0.8823529411764706
1168,Yasir,Switzerland,Samsung,1800,0.8529411764705882
1169,Yasir,Switzerland,Combined,1800,0.9117647058823529
1170,Yasir,Switzerland,Apple,1860,0.84375
1171,Yasir,Switzerland,Samsung,1860,0.84375
1172,Yasir,Switzerland,Combined,1860,0.90625
1173,Yasir,Switzerland,Apple,1920,0.8666666666666667
1174,Yasir,Switzerland,Samsung,1920,0.9
1175,Yasir,Switzerland,Combined,1920,0.9666666666666667
1176,Yasir,Switzerland,Apple,1980,0.9310344827586207
1177,Yasir,Switzerland,Samsung,1980,0.9310344827586207
1178,Yasir,Switzerland,Combined,1980,1.0
1179,Yasir,Switzerland,Apple,2040,0.8666666666666667
1180,Yasir,Switzerland,Samsung,2040,0.9333333333333333
1181,Yasir,Switzerland,Combined,2040,1.0
1182,Yasir,Switzerland,Apple,2100,0.9285714285714286
1183,Yasir,Switzerland,Samsung,2100,0.8928571428571429
1184,Yasir,Switzerland,Combined,2100,0.9642857142857143
1185,Yasir,Switzerland,Apple,2160,0.8888888888888888
1186,Yasir,Switzerland,Samsung,2160,0.8518518518518519
1187,Yasir,Switzerland,Combined,2160,0.9629629629629629
1188,Yasir,Switzerland,Apple,2220,0.8888888888888888
1189,Yasir,Switzerland,Samsung,2220,0.8888888888888888
1190,Yasir,Switzerland,Combined,2220,0.9259259259259259
1191,Yasir,Switzerland,Apple,2280,0.8888888888888888
1192,Yasir,Switzerland,Samsung,2280,0.9259259259259259
1193,Yasir,Switzerland,Combined,2280,0.9629629629629629
1194,Yasir,Switzerland,Apple,2340,1.0
1195,Yasir,Switzerland,Samsung,2340,0.92
1196,Yasir,Switzerland,Combined,2340,1.0
1197,Yasir,Switzerland,Apple,2400,0.9615384615384616
1198,Yasir,Switzerland,Samsung,2400,0.8461538461538461
1199,Yasir,Switzerland,Combined,2400,0.9615384615384616
1200,Yasir,Switzerland,Apple,2460,0.92
1201,Yasir,Switzerland,Samsung,2460,0.92
1202,Yasir,Switzerland,Combined,2460,1.0
1203,Yasir,Switzerland,Apple,2520,0.88
1204,Yasir,Switzerland,Samsung,2520,0.92
1205,Yasir,Switzerland,Combined,2520,0.96
1206,Yasir,Switzerland,Apple,2580,0.9166666666666666
1207,Yasir,Switzerland,Samsung,2580,0.9583333333333334
1208,Yasir,Switzerland,Combined,2580,1.0
1209,Yasir,Switzerland,Apple,2640,0.88
1210,Yasir,Switzerland,Samsung,2640,0.84
1211,Yasir,Switzerland,Combined,2640,0.96
1212,Yasir,Switzerland,Apple,2700,0.9130434782608695
1213,Yasir,Switzerland,Samsung,2700,0.8695652173913043
1214,Yasir,Switzerland,Combined,2700,0.9130434782608695
1215,Yasir,Switzerland,Apple,2760,0.8333333333333334
1216,Yasir,Switzerland,Samsung,2760,0.875
1217,Yasir,Switzerland,Combined,2760,0.9166666666666666
1218,Yasir,Switzerland,Apple,2820,0.8695652173913043
1219,Yasir,Switzerland,Samsung,2820,0.8695652173913043
1220,Yasir,Switzerland,Combined,2820,0.9565217391304348
1221,Yasir,Switzerland,Apple,2880,0.8695652173913043
1222,Yasir,Switzerland,Samsung,2880,0.9130434782608695
1223,Yasir,Switzerland,Combined,2880,1.0
1224,Yasir,Switzerland,Apple,2940,0.9090909090909091
1225,Yasir,Switzerland,Samsung,2940,0.9090909090909091
1226,Yasir,Switzerland,Combined,2940,0.9545454545454546
1227,Yasir,Switzerland,Apple,3000,0.9523809523809523
1228,Yasir,Switzerland,Samsung,3000,0.9047619047619048
1229,Yasir,Switzerland,Combined,3000,0.9523809523809523
1230,Yasir,Switzerland,Apple,3060,0.8571428571428571
1231,Yasir,Switzerland,Samsung,3060,0.9523809523809523
1232,Yasir,Switzerland,Combined,3060,1.0
1233,Yasir,Switzerland,Apple,3120,0.8636363636363636
1234,Yasir,Switzerland,Samsung,3120,0.9545454545454546
1235,Yasir,Switzerland,Combined,3120,1.0
1236,Yasir,Switzerland,Apple,3180,0.9
1237,Yasir,Switzerland,Samsung,3180,0.95
1238,Yasir,Switzerland,Combined,3180,1.0
1239,Yasir,Switzerland,Apple,3240,0.8421052631578947
1240,Yasir,Switzerland,Samsung,3240,1.0
1241,Yasir,Switzerland,Combined,3240,1.0
1242,Yasir,Switzerland,Apple,3300,0.9
1243,Yasir,Switzerland,Samsung,3300,0.9
1244,Yasir,Switzerland,Combined,3300,0.95
1245,Yasir,Switzerland,Apple,3360,0.8421052631578947
1246,Yasir,Switzerland,Samsung,3360,1.0
1247,Yasir,Switzerland,Combined,3360,1.0
1248,Yasir,Switzerland,Apple,3420,0.9
1249,Yasir,Switzerland,Samsung,3420,0.85
1250,Yasir,Switzerland,Combined,3420,0.95
1251,Yasir,Switzerland,Apple,3480,1.0
1252,Yasir,Switzerland,Samsung,3480,0.9411764705882353
1253,Yasir,Switzerland,Combined,3480,1.0
1254,Yasir,Switzerland,Apple,3540,0.8333333333333334
1255,Yasir,Switzerland,Samsung,3540,1.0
1256,Yasir,Switzerland,Combined,3540,1.0
1257,Yasir,Switzerland,Apple,3600,0.9473684210526315
1258,Yasir,Switzerland,Samsung,3600,0.8947368421052632
1259,Yasir,Switzerland,Combined,3600,0.9473684210526315
1260,Thomas,UAE,Apple,60,0.08232445520581114
1261,Thomas,UAE,Samsung,60,0.10411622276029056
1262,Thomas,UAE,Combined,60,0.1791767554479419
1263,Thomas,UAE,Apple,120,0.15319148936170213
1264,Thomas,UAE,Samsung,120,0.2
1265,Thomas,UAE,Combined,120,0.31063829787234043
1266,Thomas,UAE,Apple,180,0.2254335260115607
1267,Thomas,UAE,Samsung,180,0.2774566473988439
1268,Thomas,UAE,Combined,180,0.4277456647398844
1269,Thomas,UAE,Apple,240,0.2608695652173913
1270,Thomas,UAE,Samsung,240,0.3695652173913043
1271,Thomas,UAE,Combined,240,0.5
1272,Thomas,UAE,Apple,300,0.3333333333333333
1273,Thomas,UAE,Samsung,300,0.42105263157894735
1274,Thomas,UAE,Combined,300,0.5789473684210527
1275,Thomas,UAE,Apple,360,0.4
1276,Thomas,UAE,Samsung,360,0.51
1277,Thomas,UAE,Combined,360,0.67
1278,Thomas,UAE,Apple,420,0.45555555555555555
1279,Thomas,UAE,Samsung,420,0.5
1280,Thomas,UAE,Combined,420,0.6888888888888889
1281,Thomas,UAE,Apple,480,0.4691358024691358
1282,Thomas,UAE,Samsung,480,0.6049382716049383
1283,Thomas,UAE,Combined,480,0.7407407407407407
1284,Thomas,UAE,Apple,540,0.5066666666666667
1285,Thomas,UAE,Samsung,540,0.64
1286,Thomas,UAE,Combined,540,0.7866666666666666
1287,Thomas,UAE,Apple,600,0.582089552238806
1288,Thomas,UAE,Samsung,600,0.6716417910447762
1289,Thomas,UAE,Combined,600,0.7910447761194029
1290,Thomas,UAE,Apple,660,0.5846153846153846
1291,Thomas,UAE,Samsung,660,0.676923076923077
1292,Thomas,UAE,Combined,660,0.7538461538461538
1293,Thomas,UAE,Apple,720,0.6833333333333333
1294,Thomas,UAE,Samsung,720,0.7
1295,Thomas,UAE,Combined,720,0.8166666666666667
1296,Thomas,UAE,Apple,780,0.6607142857142857
1297,Thomas,UAE,Samsung,780,0.7678571428571429
1298,Thomas,UAE,Combined,780,0.8571428571428571
1299,Thomas,UAE,Apple,840,0.7115384615384616
1300,Thomas,UAE,Samsung,840,0.7884615384615384
1301,Thomas,UAE,Combined,840,0.9038461538461539
1302,Thomas,UAE,Apple,900,0.72
1303,Thomas,UAE,Samsung,900,0.78
1304,Thomas,UAE,Combined,900,0.86
1305,Thomas,UAE,Apple,960,0.7142857142857143
1306,Thomas,UAE,Samsung,960,0.7959183673469388
1307,Thomas,UAE,Combined,960,0.8775510204081632
1308,Thomas,UAE,Apple,1020,0.7555555555555555
1309,Thomas,UAE,Samsung,1020,0.8222222222222222
1310,Thomas,UAE,Combined,1020,0.9111111111111111
1311,Thomas,UAE,Apple,1080,0.7674418604651163
1312,Thomas,UAE,Samsung,1080,0.8372093023255814
1313,Thomas,UAE,Combined,1080,0.8837209302325582
1314,Thomas,UAE,Apple,1140,0.7560975609756098
1315,Thomas,UAE,Samsung,1140,0.8048780487804879
1316,Thomas,UAE,Combined,1140,0.8780487804878049
1317,Thomas,UAE,Apple,1200,0.8
1318,Thomas,UAE,Samsung,1200,0.875
1319,Thomas,UAE,Combined,1200,0.95
1320,Thomas,UAE,Apple,1260,0.7435897435897436
1321,Thomas,UAE,Samsung,1260,0.8205128205128205
1322,Thomas,UAE,Combined,1260,0.8717948717948718
1323,Thomas,UAE,Apple,1320,0.7631578947368421
1324,Thomas,UAE,Samsung,1320,0.8947368421052632
1325,Thomas,UAE,Combined,1320,0.9210526315789473
1326,Thomas,UAE,Apple,1380,0.7777777777777778
1327,Thomas,UAE,Samsung,1380,0.8888888888888888
1328,Thomas,UAE,Combined,1380,0.9166666666666666
1329,Thomas,UAE,Apple,1440,0.8055555555555556
1330,Thomas,UAE,Samsung,1440,0.8333333333333334
1331,Thomas,UAE,Combined,1440,0.8888888888888888
1332,Thomas,UAE,Apple,1500,0.8529411764705882
1333,Thomas,UAE,Samsung,1500,0.8529411764705882
1334,Thomas,UAE,Combined,1500,0.9411764705882353
1335,Thomas,UAE,Apple,1560,0.7575757575757576
1336,Thomas,UAE,Samsung,1560,0.8181818181818182
1337,Thomas,UAE,Combined,1560,0.8787878787878788
1338,Thomas,UAE,Apple,1620,0.7741935483870968
1339,Thomas,UAE,Samsung,1620,0.8709677419354839
1340,Thomas,UAE,Combined,1620,0.9032258064516129
1341,Thomas,UAE,Apple,1680,0.7741935483870968
1342,Thomas,UAE,Samsung,1680,0.8709677419354839
1343,Thomas,UAE,Combined,1680,0.9032258064516129
1344,Thomas,UAE,Apple,1740,0.7741935483870968
1345,Thomas,UAE,Samsung,1740,0.8064516129032258
1346,Thomas,UAE,Combined,1740,0.8387096774193549
1347,Thomas,UAE,Apple,1800,0.8064516129032258
1348,Thomas,UAE,Samsung,1800,0.9032258064516129
1349,Thomas,UAE,Combined,1800,0.9354838709677419
1350,Thomas,UAE,Apple,1860,0.8214285714285714
1351,Thomas,UAE,Samsung,1860,0.8571428571428571
1352,Thomas,UAE,Combined,1860,0.9285714285714286
1353,Thomas,UAE,Apple,1920,0.8148148148148148
1354,Thomas,UAE,Samsung,1920,0.8888888888888888
1355,Thomas,UAE,Combined,1920,0.9259259259259259
1356,Thomas,UAE,Apple,1980,0.8214285714285714
1357,Thomas,UAE,Samsung,1980,0.9285714285714286
1358,Thomas,UAE,Combined,1980,0.9285714285714286
1359,Thomas,UAE,Apple,2040,0.8518518518518519
1360,Thomas,UAE,Samsung,2040,0.9629629629629629
1361,Thomas,UAE,Combined,2040,0.9629629629629629
1362,Thomas,UAE,Apple,2100,0.8846153846153846
1363,Thomas,UAE,Samsung,2100,0.8461538461538461
1364,Thomas,UAE,Combined,2100,0.9615384615384616
1365,Thomas,UAE,Apple,2160,0.9166666666666666
1366,Thomas,UAE,Samsung,2160,0.9166666666666666
1367,Thomas,UAE,Combined,2160,0.9583333333333334
1368,Thomas,UAE,Apple,2220,0.84
1369,Thomas,UAE,Samsung,2220,0.88
1370,Thomas,UAE,Combined,2220,0.92
1371,Thomas,UAE,Apple,2280,0.875
1372,Thomas,UAE,Samsung,2280,0.9583333333333334
1373,Thomas,UAE,Combined,2280,0.9583333333333334
1374,Thomas,UAE,Apple,2340,0.8695652173913043
1375,Thomas,UAE,Samsung,2340,0.9565217391304348
1376,Thomas,UAE,Combined,2340,0.9565217391304348
1377,Thomas,UAE,Apple,2400,0.8695652173913043
1378,Thomas,UAE,Samsung,2400,0.9565217391304348
1379,Thomas,UAE,Combined,2400,0.9565217391304348
1380,Thomas,UAE,Apple,2460,0.8636363636363636
1381,Thomas,UAE,Samsung,2460,0.9545454545454546
1382,Thomas,UAE,Combined,2460,0.9545454545454546
1383,Thomas,UAE,Apple,2520,0.9047619047619048
1384,Thomas,UAE,Samsung,2520,0.9047619047619048
1385,Thomas,UAE,Combined,2520,0.9523809523809523
1386,Thomas,UAE,Apple,2580,0.8636363636363636
1387,Thomas,UAE,Samsung,2580,0.9090909090909091
1388,Thomas,UAE,Combined,2580,0.9545454545454546
1389,Thomas,UAE,Apple,2640,0.9047619047619048
1390,Thomas,UAE,Samsung,2640,0.9523809523809523
1391,Thomas,UAE,Combined,2640,0.9523809523809523
1392,Thomas,UAE,Apple,2700,0.8571428571428571
1393,Thomas,UAE,Samsung,2700,0.8571428571428571
1394,Thomas,UAE,Combined,2700,0.8571428571428571
1395,Thomas,UAE,Apple,2760,0.8571428571428571
1396,Thomas,UAE,Samsung,2760,0.9047619047619048
1397,Thomas,UAE,Combined,2760,0.9047619047619048
1398,Thomas,UAE,Apple,2820,0.8095238095238095
1399,Thomas,UAE,Samsung,2820,0.9047619047619048
1400,Thomas,UAE,Combined,2820,0.9047619047619048
1401,Thomas,UAE,Apple,2880,0.8947368421052632
1402,Thomas,UAE,Samsung,2880,0.8947368421052632
1403,Thomas,UAE,Combined,2880,0.8947368421052632
1404,Thomas,UAE,Apple,2940,0.9
1405,Thomas,UAE,Samsung,2940,0.85
1406,Thomas,UAE,Combined,2940,0.95
1407,Thomas,UAE,Apple,3000,0.9
1408,Thomas,UAE,Samsung,3000,0.95
1409,Thomas,UAE,Combined,3000,0.95
1410,Thomas,UAE,Apple,3060,0.8947368421052632
1411,Thomas,UAE,Samsung,3060,0.9473684210526315
1412,Thomas,UAE,Combined,3060,0.9473684210526315
1413,Thomas,UAE,Apple,3120,0.7894736842105263
1414,Thomas,UAE,Samsung,3120,0.8421052631578947
1415,Thomas,UAE,Combined,3120,0.8947368421052632
1416,Thomas,UAE,Apple,3180,0.7894736842105263
1417,Thomas,UAE,Samsung,3180,0.8421052631578947
1418,Thomas,UAE,Combined,3180,0.8421052631578947
1419,Thomas,UAE,Apple,3240,0.8333333333333334
1420,Thomas,UAE,Samsung,3240,0.9444444444444444
1421,Thomas,UAE,Combined,3240,0.9444444444444444
1422,Thomas,UAE,Apple,3300,0.8888888888888888
1423,Thomas,UAE,Samsung,3300,0.8333333333333334
1424,Thomas,UAE,Combined,3300,0.8888888888888888
1425,Thomas,UAE,Apple,3360,0.8333333333333334
1426,Thomas,UAE,Samsung,3360,0.9444444444444444
1427,Thomas,UAE,Combined,3360,0.9444444444444444
1428,Thomas,UAE,Apple,3420,0.9411764705882353
1429,Thomas,UAE,Samsung,3420,0.9411764705882353
1430,Thomas,UAE,Combined,3420,0.9411764705882353
1431,Thomas,UAE,Apple,3480,0.8333333333333334
1432,Thomas,UAE,Samsung,3480,0.9444444444444444
1433,Thomas,UAE,Combined,3480,0.9444444444444444
1434,Thomas,UAE,Apple,3540,0.8823529411764706
1435,Thomas,UAE,Samsung,3540,1.0
1436,Thomas,UAE,Combined,3540,1.0
1437,Thomas,UAE,Apple,3600,0.9444444444444444
1438,Thomas,UAE,Samsung,3600,1.0
1439,Thomas,UAE,Combined,3600,1.0
1440,Thomas,Germany,Apple,60,0.048419831835314585
1441,Thomas,Germany,Samsung,60,0.01913598144389678
1442,Thomas,Germany,Combined,60,0.06465642215134822
1443,Thomas,Germany,Apple,120,0.08823529411764706
1444,Thomas,Germany,Samsung,120,0.039760348583877995
1445,Thomas,Germany,Combined,120,0.119281045751634
1446,Thomas,Germany,Apple,180,0.12249614791987673
1447,Thomas,Germany,Samsung,180,0.060092449922958396
1448,Thomas,Germany,Combined,180,0.1687211093990755
1449,Thomas,Germany,Apple,240,0.1504424778761062
1450,Thomas,Germany,Samsung,240,0.07571288102261553
1451,Thomas,Germany,Combined,240,0.2015732546705998
1452,Thomas,Germany,Apple,300,0.1936619718309859
1453,Thomas,Germany,Samsung,300,0.09741784037558686
1454,Thomas,Germany,Combined,300,0.24647887323943662
1455,Thomas,Germany,Apple,360,0.20604395604395603
1456,Thomas,Germany,Samsung,360,0.11401098901098901
1457,Thomas,Germany,Combined,360,0.2651098901098901
1458,Thomas,Germany,Apple,420,0.23742138364779874
1459,Thomas,Germany,Samsung,420,0.12735849056603774
1460,Thomas,Germany,Combined,420,0.2971698113207547
1461,Thomas,Germany,Apple,480,0.25
1462,Thomas,Germany,Samsung,480,0.1423611111111111
1463,Thomas,Germany,Combined,480,0.3125
1464,Thomas,Germany,Apple,540,0.275
1465,Thomas,Germany,Samsung,540,0.1519230769230769
1466,Thomas,Germany,Combined,540,0.3326923076923077
1467,Thomas,Germany,Apple,600,0.29791666666666666
1468,Thomas,Germany,Samsung,600,0.17916666666666667
1469,Thomas,Germany,Combined,600,0.35833333333333334
1470,Thomas,Germany,Apple,660,0.3047404063205418
1471,Thomas,Germany,Samsung,660,0.18284424379232506
1472,Thomas,Germany,Combined,660,0.36343115124153497
1473,Thomas,Germany,Apple,720,0.3221957040572792
1474,Thomas,Germany,Samsung,720,0.1909307875894988
1475,Thomas,Germany,Combined,720,0.3794749403341289
1476,Thomas,Germany,Apple,780,0.3333333333333333
1477,Thomas,Germany,Samsung,780,0.21374045801526717
1478,Thomas,Germany,Combined,780,0.3944020356234097
1479,Thomas,Germany,Apple,840,0.3551912568306011
1480,Thomas,Germany,Samsung,840,0.22131147540983606
1481,Thomas,Germany,Combined,840,0.4207650273224044
1482,Thomas,Germany,Apple,900,0.3706896551724138
1483,Thomas,Germany,Samsung,900,0.22988505747126436
1484,Thomas,Germany,Combined,900,0.4281609195402299
1485,Thomas,Germany,Apple,960,0.37091988130563797
1486,Thomas,Germany,Samsung,960,0.24629080118694363
1487,Thomas,Germany,Combined,960,0.42136498516320475
1488,Thomas,Germany,Apple,1020,0.37898089171974525
1489,Thomas,Germany,Samsung,1020,0.25796178343949044
1490,Thomas,Germany,Combined,1020,0.43312101910828027
1491,Thomas,Germany,Apple,1080,0.3872053872053872
1492,Thomas,Germany,Samsung,1080,0.265993265993266
1493,Thomas,Germany,Combined,1080,0.4511784511784512
1494,Thomas,Germany,Apple,1140,0.3824561403508772
1495,Thomas,Germany,Samsung,1140,0.27017543859649124
1496,Thomas,Germany,Combined,1140,0.4421052631578947
1497,Thomas,Germany,Apple,1200,0.4095940959409594
1498,Thomas,Germany,Samsung,1200,0.2915129151291513
1499,Thomas,Germany,Combined,1200,0.4797047970479705
1500,Thomas,Germany,Apple,1260,0.42641509433962266
1501,Thomas,Germany,Samsung,1260,0.30566037735849055
1502,Thomas,Germany,Combined,1260,0.47924528301886793
1503,Thomas,Germany,Apple,1320,0.41796875
1504,Thomas,Germany,Samsung,1320,0.3125
1505,Thomas,Germany,Combined,1320,0.4765625
1506,Thomas,Germany,Apple,1380,0.41295546558704455
1507,Thomas,Germany,Samsung,1380,0.29554655870445345
1508,Thomas,Germany,Combined,1380,0.4817813765182186
1509,Thomas,Germany,Apple,1440,0.44537815126050423
1510,Thomas,Germany,Samsung,1440,0.31932773109243695
1511,Thomas,Germany,Combined,1440,0.5042016806722689
1512,Thomas,Germany,Apple,1500,0.4444444444444444
1513,Thomas,Germany,Samsung,1500,0.3247863247863248
1514,Thomas,Germany,Combined,1500,0.5128205128205128
1515,Thomas,Germany,Apple,1560,0.43859649122807015
1516,Thomas,Germany,Samsung,1560,0.32894736842105265
1517,Thomas,Germany,Combined,1560,0.5043859649122807
1518,Thomas,Germany,Apple,1620,0.4398148148148148
1519,Thomas,Germany,Samsung,1620,0.3148148148148148
1520,Thomas,Germany,Combined,1620,0.5092592592592593
1521,Thomas,Germany,Apple,1680,0.45539906103286387
1522,Thomas,Germany,Samsung,1680,0.3286384976525822
1523,Thomas,Germany,Combined,1680,0.5164319248826291
1524,Thomas,Germany,Apple,1740,0.4567307692307692
1525,Thomas,Germany,Samsung,1740,0.3317307692307692
1526,Thomas,Germany,Combined,1740,0.5144230769230769
1527,Thomas,Germany,Apple,1800,0.48756218905472637
1528,Thomas,Germany,Samsung,1800,0.34328358208955223
1529,Thomas,Germany,Combined,1800,0.5472636815920398
1530,Thomas,Germany,Apple,1860,0.4720812182741117
1531,Thomas,Germany,Samsung,1860,0.34517766497461927
1532,Thomas,Germany,Combined,1860,0.5329949238578681
1533,Thomas,Germany,Apple,1920,0.4631578947368421
1534,Thomas,Germany,Samsung,1920,0.3526315789473684
1535,Thomas,Germany,Combined,1920,0.5157894736842106
1536,Thomas,Germany,Apple,1980,0.47802197802197804
1537,Thomas,Germany,Samsung,1980,0.3516483516483517
1538,Thomas,Germany,Combined,1980,0.5439560439560439
1539,Thomas,Germany,Apple,2040,0.5081967213114754
1540,Thomas,Germany,Samsung,2040,0.34972677595628415
1541,Thomas,Germany,Combined,2040,0.5519125683060109
1542,Thomas,Germany,Apple,2100,0.4748603351955307
1543,Thomas,Germany,Samsung,2100,0.3575418994413408
1544,Thomas,Germany,Combined,2100,0.5363128491620112
1545,Thomas,Germany,Apple,2160,0.48823529411764705
1546,Thomas,Germany,Samsung,2160,0.34705882352941175
1547,Thomas,Germany,Combined,2160,0.5352941176470588
1548,Thomas,Germany,Apple,2220,0.49404761904761907
1549,Thomas,Germany,Samsung,2220,0.375
1550,Thomas,Germany,Combined,2220,0.5595238095238095
1551,Thomas,Germany,Apple,2280,0.5180722891566265
1552,Thomas,Germany,Samsung,2280,0.3614457831325301
1553,Thomas,Germany,Combined,2280,0.572289156626506
1554,Thomas,Germany,Apple,2340,0.50920245398773
1555,Thomas,Germany,Samsung,2340,0.36809815950920244
1556,Thomas,Germany,Combined,2340,0.5644171779141104
1557,Thomas,Germany,Apple,2400,0.49056603773584906
1558,Thomas,Germany,Samsung,2400,0.4025157232704403
1559,Thomas,Germany,Combined,2400,0.559748427672956
1560,Thomas,Germany,Apple,2460,0.5231788079470199
1561,Thomas,Germany,Samsung,2460,0.3841059602649007
1562,Thomas,Germany,Combined,2460,0.5827814569536424
1563,Thomas,Germany,Apple,2520,0.5316455696202531
1564,Thomas,Germany,Samsung,2520,0.379746835443038
1565,Thomas,Germany,Combined,2520,0.5886075949367089
1566,Thomas,Germany,Apple,2580,0.5328947368421053
1567,Thomas,Germany,Samsung,2580,0.3881578947368421
1568,Thomas,Germany,Combined,2580,0.5855263157894737
1569,Thomas,Germany,Apple,2640,0.5337837837837838
1570,Thomas,Germany,Samsung,2640,0.41216216216216217
1571,Thomas,Germany,Combined,2640,0.6013513513513513
1572,Thomas,Germany,Apple,2700,0.5517241379310345
1573,Thomas,Germany,Samsung,2700,0.38620689655172413
1574,Thomas,Germany,Combined,2700,0.6068965517241379
1575,Thomas,Germany,Apple,2760,0.5285714285714286
1576,Thomas,Germany,Samsung,2760,0.40714285714285714
1577,Thomas,Germany,Combined,2760,0.6
1578,Thomas,Germany,Apple,2820,0.5347222222222222
1579,Thomas,Germany,Samsung,2820,0.4166666666666667
1580,Thomas,Germany,Combined,2820,0.5902777777777778
1581,Thomas,Germany,Apple,2880,0.5467625899280576
1582,Thomas,Germany,Samsung,2880,0.41007194244604317
1583,Thomas,Germany,Combined,2880,0.60431654676259
1584,Thomas,Germany,Apple,2940,0.5323741007194245
1585,Thomas,Germany,Samsung,2940,0.39568345323741005
1586,Thomas,Germany,Combined,2940,0.5971223021582733
1587,Thomas,Germany,Apple,3000,0.5481481481481482
1588,Thomas,Germany,Samsung,3000,0.4222222222222222
1589,Thomas,Germany,Combined,3000,0.6148148148148148
1590,Thomas,Germany,Apple,3060,0.5597014925373134
1591,Thomas,Germany,Samsung,3060,0.40298507462686567
1592,Thomas,Germany,Combined,3060,0.6268656716417911
1593,Thomas,Germany,Apple,3120,0.5303030303030303
1594,Thomas,Germany,Samsung,3120,0.4090909090909091
1595,Thomas,Germany,Combined,3120,0.5984848484848485
1596,Thomas,Germany,Apple,3180,0.5307692307692308
1597,Thomas,Germany,Samsung,3180,0.4307692307692308
1598,Thomas,Germany,Combined,3180,0.5923076923076923
1599,Thomas,Germany,Apple,3240,0.5873015873015873
1600,Thomas,Germany,Samsung,3240,0.4126984126984127
1601,Thomas,Germany,Combined,3240,0.6587301587301587
1602,Thomas,Germany,Apple,3300,0.56
1603,Thomas,Germany,Samsung,3300,0.424
1604,Thomas,Germany,Combined,3300,0.624
1605,Thomas,Germany,Apple,3360,0.56
1606,Thomas,Germany,Samsung,3360,0.408
1607,Thomas,Germany,Combined,3360,0.64
1608,Thomas,Germany,Apple,3420,0.5833333333333334
1609,Thomas,Germany,Samsung,3420,0.44166666666666665
1610,Thomas,Germany,Combined,3420,0.65
1611,Thomas,Germany,Apple,3480,0.5737704918032787
1612,Thomas,Germany,Samsung,3480,0.4098360655737705
1613,Thomas,Germany,Combined,3480,0.6311475409836066
1614,Thomas,Germany,Apple,3540,0.6
1615,Thomas,Germany,Samsung,3540,0.45
1616,Thomas,Germany,Combined,3540,0.6833333333333333
1617,Thomas,Germany,Apple,3600,0.6052631578947368
1618,Thomas,Germany,Samsung,3600,0.45614035087719296
1619,Thomas,Germany,Combined,3600,0.6754385964912281
